/*
 Navicat Premium Data Transfer

 Source Server         : dachui
 Source Server Type    : MySQL
 Source Server Version : 50173
 Source Host           : localhost:3306
 Source Schema         : my_music_project

 Target Server Type    : MySQL
 Target Server Version : 50173
 File Encoding         : 65001

 Date: 30/04/2022 19:13:47
*/

SET NAMES utf8mb4;
SET FOREIGN_KEY_CHECKS = 0;

-- ----------------------------
-- Table structure for song_list
-- ----------------------------
DROP TABLE IF EXISTS `song_list`;
CREATE TABLE `song_list`  (
  `id` int(11) NOT NULL AUTO_INCREMENT COMMENT '歌单id',
  `user_id` int(11) NOT NULL COMMENT '用户id',
  `list_name` varchar(255) CHARACTER SET utf8 COLLATE utf8_general_ci NOT NULL COMMENT '歌单名字',
  `list_img` varchar(255) CHARACTER SET utf8 COLLATE utf8_general_ci NOT NULL DEFAULT 'http://localhost:3001/images/cover_playlist.png' COMMENT '歌单封面',
  `listen_num` int(11) NOT NULL DEFAULT 0 COMMENT '歌单访问次数',
  `status` bit(1) NOT NULL DEFAULT b'0' COMMENT '歌单状态',
  `type` bit(1) NOT NULL DEFAULT b'0' COMMENT '歌单类型-1为默认类型，-0为用户自定义类型',
  `about` varchar(255) CHARACTER SET utf8 COLLATE utf8_general_ci NOT NULL DEFAULT '无' COMMENT '歌单介绍',
  PRIMARY KEY (`id`) USING BTREE,
  INDEX `user_id`(`user_id`) USING BTREE,
  CONSTRAINT `song_list_ibfk_1` FOREIGN KEY (`user_id`) REFERENCES `user_info` (`id`) ON DELETE CASCADE ON UPDATE CASCADE
) ENGINE = InnoDB AUTO_INCREMENT = 13 CHARACTER SET = utf8 COLLATE = utf8_general_ci ROW_FORMAT = Compact;

-- ----------------------------
-- Records of song_list
-- ----------------------------
INSERT INTO `song_list` VALUES (1, 1, '我喜欢', 'http://localhost:3001/images/cover_like.png', 0, b'1', b'1', '无');
INSERT INTO `song_list` VALUES (2, 1, '温柔的人', 'https://p1.music.126.net/itkdsMFR8nYzaTiDdHO3tA==/109951165995320408.jpg', 0, b'0', b'0', '无');
INSERT INTO `song_list` VALUES (3, 1, '很燃的曲子', 'https://p2.music.126.net/KU2e-MmujPbPG6cmZnJ0Og==/109951166859848730.jpg', 0, b'0', b'0', '无');
INSERT INTO `song_list` VALUES (4, 1, '被喜欢的人,真好啊', 'https://p2.music.126.net/yKKr0NPCExF3mRPBSRTnVQ==/109951165646615561.jpg', 0, b'0', b'0', '无');
INSERT INTO `song_list` VALUES (5, 1, '中国风', 'http://localhost:3001/images/cover_playlist.png', 0, b'1', b'0', '无');
INSERT INTO `song_list` VALUES (6, 1, '哈哈哈', 'http://localhost:3001/images/cover_playlist.png', 0, b'1', b'0', '无');
INSERT INTO `song_list` VALUES (7, 1, '很美的歌', 'https://p1.music.126.net/FNTrnwWHA83rSs57aTkypg==/7994549046826401.jpg', 0, b'0', b'0', '无');
INSERT INTO `song_list` VALUES (8, 1, '大锤小曲库', 'https://p2.music.126.net/B4ESlxYWr2HDWX-A9mfrbQ==/1373290024677790.jpg', 0, b'0', b'0', '无');
INSERT INTO `song_list` VALUES (9, 1, '大大大大大大大大大大大大', 'https://p1.music.126.net/KU2e-MmujPbPG6cmZnJ0Og==/109951166859848730.jpg', 0, b'1', b'0', '无');
INSERT INTO `song_list` VALUES (10, 1, '新闻发布会', 'https://p1.music.126.net/Wcs2dbukFx3TUWkRuxVCpw==/3431575794705764.jpg', 0, b'0', b'0', '呵呵呵呵呵');
INSERT INTO `song_list` VALUES (11, 1, 'hhh', 'http://localhost:3001/images/cover_playlist.png', 0, b'1', b'0', '');
INSERT INTO `song_list` VALUES (12, 1, '很爱很爱你', 'https://p1.music.126.net/wSMfGvFzOAYRU_yVIfquAA==/2946691248081599.jpg', 0, b'0', b'0', '无');

-- ----------------------------
-- Table structure for song_list_music
-- ----------------------------
DROP TABLE IF EXISTS `song_list_music`;
CREATE TABLE `song_list_music`  (
  `id` int(11) NOT NULL AUTO_INCREMENT COMMENT '歌单歌曲id',
  `song_list_id` int(11) NOT NULL COMMENT '歌单id',
  `music_id` int(11) NOT NULL COMMENT '歌曲id',
  `status` bit(1) NOT NULL DEFAULT b'0' COMMENT '歌曲删除状态',
  PRIMARY KEY (`id`) USING BTREE
) ENGINE = InnoDB AUTO_INCREMENT = 23 CHARACTER SET = utf8 COLLATE = utf8_general_ci ROW_FORMAT = Compact;

-- ----------------------------
-- Records of song_list_music
-- ----------------------------
INSERT INTO `song_list_music` VALUES (1, 2, 28481104, b'0');
INSERT INTO `song_list_music` VALUES (2, 7, 33233407, b'0');
INSERT INTO `song_list_music` VALUES (3, 4, 486194050, b'0');
INSERT INTO `song_list_music` VALUES (4, 3, 210062, b'0');
INSERT INTO `song_list_music` VALUES (5, 2, 486194050, b'0');
INSERT INTO `song_list_music` VALUES (6, 3, 33233407, b'0');
INSERT INTO `song_list_music` VALUES (7, 8, 404184764, b'0');
INSERT INTO `song_list_music` VALUES (8, 3, 28481104, b'0');
INSERT INTO `song_list_music` VALUES (9, 8, 210062, b'0');
INSERT INTO `song_list_music` VALUES (10, 9, 210062, b'0');
INSERT INTO `song_list_music` VALUES (11, 2, 404184764, b'0');
INSERT INTO `song_list_music` VALUES (12, 2, 33233407, b'0');
INSERT INTO `song_list_music` VALUES (13, 2, 210062, b'0');
INSERT INTO `song_list_music` VALUES (14, 2, 29393641, b'0');
INSERT INTO `song_list_music` VALUES (15, 2, 411214279, b'0');
INSERT INTO `song_list_music` VALUES (16, 10, 411214279, b'0');
INSERT INTO `song_list_music` VALUES (17, 2, 22705495, b'0');
INSERT INTO `song_list_music` VALUES (18, 2, 441491828, b'0');
INSERT INTO `song_list_music` VALUES (19, 3, 1901371647, b'0');
INSERT INTO `song_list_music` VALUES (20, 12, 441491828, b'0');
INSERT INTO `song_list_music` VALUES (21, 2, 1354451040, b'0');
INSERT INTO `song_list_music` VALUES (22, 8, 353993, b'0');

-- ----------------------------
-- Table structure for user_info
-- ----------------------------
DROP TABLE IF EXISTS `user_info`;
CREATE TABLE `user_info`  (
  `id` int(10) NOT NULL AUTO_INCREMENT COMMENT '用户id',
  `username` varchar(255) CHARACTER SET utf8 COLLATE utf8_bin NOT NULL COMMENT '用户账号',
  `password` varchar(255) CHARACTER SET utf8 COLLATE utf8_bin NOT NULL COMMENT '用户密码',
  `user_str` varchar(255) CHARACTER SET utf8 COLLATE utf8_bin NOT NULL COMMENT '用户名',
  `user_img` varchar(255) CHARACTER SET utf8 COLLATE utf8_bin NOT NULL COMMENT '用户头像路径',
  PRIMARY KEY (`id`) USING BTREE
) ENGINE = InnoDB AUTO_INCREMENT = 14 CHARACTER SET = utf8 COLLATE = utf8_bin ROW_FORMAT = Compact;

-- ----------------------------
-- Records of user_info
-- ----------------------------
INSERT INTO `user_info` VALUES (1, '386806132', 'yy010322yy', '大锤', '/images/head.png');
INSERT INTO `user_info` VALUES (2, '111111', 'yy111111', '111111', '/images/head.png');
INSERT INTO `user_info` VALUES (3, '222222', 'y222222', '222222', '/images/head.png');
INSERT INTO `user_info` VALUES (4, '000000', 'yy000000', '000000', '/images/head.png');
INSERT INTO `user_info` VALUES (5, '666666', 'yy666666', '666666', '/images/head.png');
INSERT INTO `user_info` VALUES (6, '555555', 'yy555555', '555555', '/images/head.png');
INSERT INTO `user_info` VALUES (7, '1111111', '1111111y', '1111111', '/images/head.png');
INSERT INTO `user_info` VALUES (8, '2222222', '2222222y', '2222222', '/images/head.png');
INSERT INTO `user_info` VALUES (9, '5555555', '555555y', '5555555', '/images/head.png');
INSERT INTO `user_info` VALUES (10, 'wwwwww', 'wwwwww1', 'wwwwww', '/images/head.png');
INSERT INTO `user_info` VALUES (11, 'dachui', 'yydachuiyy1', '大锤的小号', 'images/jhw_1645148746466.png');
INSERT INTO `user_info` VALUES (12, '12345678', 'x12345678', '12345678', '/images/head.png');
INSERT INTO `user_info` VALUES (13, '3868061322', '3868061322yy', '3868061322', 'images/jhw_1645427326943.png');

-- ----------------------------
-- Table structure for user_like
-- ----------------------------
DROP TABLE IF EXISTS `user_like`;
CREATE TABLE `user_like`  (
  `id` int(10) NOT NULL AUTO_INCREMENT COMMENT '喜欢歌曲表id',
  `music_id` int(10) NOT NULL COMMENT '歌曲id',
  `user_id` int(10) NOT NULL COMMENT '用户id',
  `status` bit(1) NOT NULL DEFAULT b'0' COMMENT '删除状态',
  PRIMARY KEY (`id`) USING BTREE,
  INDEX `user_id`(`user_id`) USING BTREE,
  CONSTRAINT `user_like_ibfk_1` FOREIGN KEY (`user_id`) REFERENCES `user_info` (`id`) ON DELETE CASCADE ON UPDATE RESTRICT
) ENGINE = InnoDB AUTO_INCREMENT = 45 CHARACTER SET = utf8 COLLATE = utf8_general_ci ROW_FORMAT = Compact;

-- ----------------------------
-- Records of user_like
-- ----------------------------
INSERT INTO `user_like` VALUES (16, 488249475, 1, b'1');
INSERT INTO `user_like` VALUES (17, 1363642136, 1, b'1');
INSERT INTO `user_like` VALUES (18, 1887678775, 1, b'1');
INSERT INTO `user_like` VALUES (19, 1869347334, 1, b'1');
INSERT INTO `user_like` VALUES (20, 1864914859, 1, b'1');
INSERT INTO `user_like` VALUES (21, 1915324015, 1, b'1');
INSERT INTO `user_like` VALUES (22, 1863601799, 1, b'1');
INSERT INTO `user_like` VALUES (23, 1914650353, 1, b'1');
INSERT INTO `user_like` VALUES (24, 1918999734, 1, b'1');
INSERT INTO `user_like` VALUES (25, 1896630054, 1, b'1');
INSERT INTO `user_like` VALUES (26, 1890337400, 1, b'1');
INSERT INTO `user_like` VALUES (27, 1902036927, 1, b'1');
INSERT INTO `user_like` VALUES (28, 1916209147, 1, b'1');
INSERT INTO `user_like` VALUES (29, 1890526968, 1, b'1');
INSERT INTO `user_like` VALUES (30, 1919367705, 1, b'1');
INSERT INTO `user_like` VALUES (31, 1896571381, 1, b'1');
INSERT INTO `user_like` VALUES (32, 587815, 1, b'1');
INSERT INTO `user_like` VALUES (33, 1894094482, 1, b'1');
INSERT INTO `user_like` VALUES (34, 1430319727, 1, b'1');
INSERT INTO `user_like` VALUES (35, 22792955, 1, b'1');
INSERT INTO `user_like` VALUES (36, 29743607, 1, b'1');
INSERT INTO `user_like` VALUES (37, 26116370, 1, b'1');
INSERT INTO `user_like` VALUES (38, 465266014, 1, b'0');
INSERT INTO `user_like` VALUES (39, 488249475, 11, b'0');
INSERT INTO `user_like` VALUES (40, 353993, 1, b'0');
INSERT INTO `user_like` VALUES (41, 488249475, 1, b'0');
INSERT INTO `user_like` VALUES (42, 1406686876, 1, b'0');
INSERT INTO `user_like` VALUES (43, 520482501, 1, b'0');
INSERT INTO `user_like` VALUES (44, 526646591, 1, b'0');

-- ----------------------------
-- Table structure for user_like_album
-- ----------------------------
DROP TABLE IF EXISTS `user_like_album`;
CREATE TABLE `user_like_album`  (
  `id` int(255) NOT NULL AUTO_INCREMENT COMMENT '用户喜欢专辑id',
  `user_id` bigint(255) NOT NULL COMMENT '用户id',
  `album_id` bigint(255) NOT NULL COMMENT '专辑id',
  `status` bit(1) NOT NULL DEFAULT b'0' COMMENT '转状态',
  PRIMARY KEY (`id`) USING BTREE
) ENGINE = InnoDB AUTO_INCREMENT = 3 CHARACTER SET = utf8 COLLATE = utf8_general_ci ROW_FORMAT = Compact;

-- ----------------------------
-- Records of user_like_album
-- ----------------------------
INSERT INTO `user_like_album` VALUES (1, 11, 35005583, b'0');
INSERT INTO `user_like_album` VALUES (2, 1, 140378036, b'0');

-- ----------------------------
-- Table structure for user_like_songlist
-- ----------------------------
DROP TABLE IF EXISTS `user_like_songlist`;
CREATE TABLE `user_like_songlist`  (
  `id` int(255) NOT NULL AUTO_INCREMENT COMMENT '用户喜欢歌单id',
  `user_id` bigint(255) NOT NULL COMMENT '用户id',
  `songlist_id` bigint(255) NOT NULL COMMENT '歌单id',
  `status` bit(1) NOT NULL DEFAULT b'0' COMMENT '转状态',
  PRIMARY KEY (`id`) USING BTREE
) ENGINE = InnoDB AUTO_INCREMENT = 2 CHARACTER SET = utf8 COLLATE = utf8_general_ci ROW_FORMAT = Compact;

-- ----------------------------
-- Records of user_like_songlist
-- ----------------------------
INSERT INTO `user_like_songlist` VALUES (1, 1, 2002607950, b'0');

-- ----------------------------
-- Table structure for user_listen_list
-- ----------------------------
DROP TABLE IF EXISTS `user_listen_list`;
CREATE TABLE `user_listen_list`  (
  `id` int(10) NOT NULL AUTO_INCREMENT,
  `music_id` int(10) NOT NULL,
  `user_id` int(10) NOT NULL,
  `status` bit(1) NOT NULL DEFAULT b'0',
  PRIMARY KEY (`id`) USING BTREE,
  INDEX `listen`(`user_id`) USING BTREE,
  CONSTRAINT `user_listen_list_ibfk_1` FOREIGN KEY (`user_id`) REFERENCES `user_info` (`id`) ON DELETE CASCADE ON UPDATE CASCADE
) ENGINE = InnoDB AUTO_INCREMENT = 1646 CHARACTER SET = utf8 COLLATE = utf8_general_ci ROW_FORMAT = Compact;

-- ----------------------------
-- Records of user_listen_list
-- ----------------------------
INSERT INTO `user_listen_list` VALUES (1, 554191055, 1, b'1');
INSERT INTO `user_listen_list` VALUES (2, 465183718, 1, b'1');
INSERT INTO `user_listen_list` VALUES (3, 497034035, 1, b'1');
INSERT INTO `user_listen_list` VALUES (4, 30089063, 1, b'1');
INSERT INTO `user_listen_list` VALUES (5, 516358518, 1, b'1');
INSERT INTO `user_listen_list` VALUES (6, 247491, 1, b'1');
INSERT INTO `user_listen_list` VALUES (7, 28875230, 1, b'1');
INSERT INTO `user_listen_list` VALUES (8, 509518010, 1, b'1');
INSERT INTO `user_listen_list` VALUES (9, 165340, 1, b'1');
INSERT INTO `user_listen_list` VALUES (10, 245625, 1, b'1');
INSERT INTO `user_listen_list` VALUES (11, 526307800, 1, b'1');
INSERT INTO `user_listen_list` VALUES (12, 247947, 1, b'1');
INSERT INTO `user_listen_list` VALUES (13, 551364090, 1, b'1');
INSERT INTO `user_listen_list` VALUES (14, 469699266, 1, b'1');
INSERT INTO `user_listen_list` VALUES (15, 165375, 1, b'1');
INSERT INTO `user_listen_list` VALUES (16, 4875084, 1, b'1');
INSERT INTO `user_listen_list` VALUES (17, 399353833, 1, b'1');
INSERT INTO `user_listen_list` VALUES (18, 515143305, 1, b'1');
INSERT INTO `user_listen_list` VALUES (19, 557407051, 1, b'1');
INSERT INTO `user_listen_list` VALUES (20, 31545740, 1, b'1');
INSERT INTO `user_listen_list` VALUES (21, 5356944, 1, b'1');
INSERT INTO `user_listen_list` VALUES (22, 139558, 1, b'1');
INSERT INTO `user_listen_list` VALUES (23, 174963, 1, b'1');
INSERT INTO `user_listen_list` VALUES (24, 240125, 1, b'1');
INSERT INTO `user_listen_list` VALUES (25, 394748, 1, b'1');
INSERT INTO `user_listen_list` VALUES (26, 1316460171, 1, b'1');
INSERT INTO `user_listen_list` VALUES (27, 471403427, 1, b'1');
INSERT INTO `user_listen_list` VALUES (28, 1321385420, 1, b'1');
INSERT INTO `user_listen_list` VALUES (29, 28832054, 1, b'1');
INSERT INTO `user_listen_list` VALUES (30, 28403111, 1, b'1');
INSERT INTO `user_listen_list` VALUES (31, 479219330, 1, b'1');
INSERT INTO `user_listen_list` VALUES (32, 862098281, 1, b'1');
INSERT INTO `user_listen_list` VALUES (33, 435948394, 1, b'1');
INSERT INTO `user_listen_list` VALUES (34, 458507202, 1, b'1');
INSERT INTO `user_listen_list` VALUES (35, 5267256, 1, b'1');
INSERT INTO `user_listen_list` VALUES (36, 32785814, 1, b'1');
INSERT INTO `user_listen_list` VALUES (37, 1301177096, 1, b'1');
INSERT INTO `user_listen_list` VALUES (38, 545751504, 1, b'1');
INSERT INTO `user_listen_list` VALUES (39, 409654891, 1, b'1');
INSERT INTO `user_listen_list` VALUES (40, 455359884, 1, b'1');
INSERT INTO `user_listen_list` VALUES (41, 529440715, 1, b'1');
INSERT INTO `user_listen_list` VALUES (42, 489768079, 1, b'1');
INSERT INTO `user_listen_list` VALUES (43, 450853439, 1, b'1');
INSERT INTO `user_listen_list` VALUES (44, 503470468, 1, b'1');
INSERT INTO `user_listen_list` VALUES (45, 31191007, 1, b'1');
INSERT INTO `user_listen_list` VALUES (46, 479486574, 1, b'1');
INSERT INTO `user_listen_list` VALUES (47, 417596830, 1, b'1');
INSERT INTO `user_listen_list` VALUES (48, 29357404, 1, b'1');
INSERT INTO `user_listen_list` VALUES (49, 254319, 1, b'1');
INSERT INTO `user_listen_list` VALUES (50, 863709049, 1, b'1');
INSERT INTO `user_listen_list` VALUES (51, 394653, 1, b'1');
INSERT INTO `user_listen_list` VALUES (52, 516358523, 1, b'1');
INSERT INTO `user_listen_list` VALUES (53, 1333324303, 1, b'1');
INSERT INTO `user_listen_list` VALUES (54, 574908023, 1, b'1');
INSERT INTO `user_listen_list` VALUES (55, 556030516, 1, b'1');
INSERT INTO `user_listen_list` VALUES (56, 34014481, 1, b'1');
INSERT INTO `user_listen_list` VALUES (57, 522767500, 1, b'1');
INSERT INTO `user_listen_list` VALUES (58, 1361239052, 1, b'1');
INSERT INTO `user_listen_list` VALUES (59, 1342798229, 1, b'1');
INSERT INTO `user_listen_list` VALUES (60, 502327257, 1, b'1');
INSERT INTO `user_listen_list` VALUES (61, 165339, 1, b'1');
INSERT INTO `user_listen_list` VALUES (62, 1434573000, 1, b'1');
INSERT INTO `user_listen_list` VALUES (63, 1439376524, 1, b'1');
INSERT INTO `user_listen_list` VALUES (64, 1453221584, 1, b'1');
INSERT INTO `user_listen_list` VALUES (65, 1373847758, 1, b'1');
INSERT INTO `user_listen_list` VALUES (66, 1422212205, 1, b'1');
INSERT INTO `user_listen_list` VALUES (67, 1347090645, 1, b'1');
INSERT INTO `user_listen_list` VALUES (68, 1305656179, 1, b'1');
INSERT INTO `user_listen_list` VALUES (69, 1377106320, 1, b'1');
INSERT INTO `user_listen_list` VALUES (70, 1456584626, 1, b'1');
INSERT INTO `user_listen_list` VALUES (71, 1309833126, 1, b'1');
INSERT INTO `user_listen_list` VALUES (72, 491233901, 1, b'1');
INSERT INTO `user_listen_list` VALUES (73, 1383967734, 1, b'1');
INSERT INTO `user_listen_list` VALUES (74, 467390215, 1, b'1');
INSERT INTO `user_listen_list` VALUES (75, 1417082727, 1, b'1');
INSERT INTO `user_listen_list` VALUES (76, 1341188360, 1, b'1');
INSERT INTO `user_listen_list` VALUES (77, 1399413450, 1, b'1');
INSERT INTO `user_listen_list` VALUES (78, 531786301, 1, b'1');
INSERT INTO `user_listen_list` VALUES (79, 497463179, 1, b'1');
INSERT INTO `user_listen_list` VALUES (80, 28566356, 1, b'1');
INSERT INTO `user_listen_list` VALUES (81, 1309814395, 1, b'1');
INSERT INTO `user_listen_list` VALUES (82, 28557036, 1, b'1');
INSERT INTO `user_listen_list` VALUES (83, 1294156428, 1, b'1');
INSERT INTO `user_listen_list` VALUES (84, 28828712, 1, b'1');
INSERT INTO `user_listen_list` VALUES (85, 509106775, 1, b'1');
INSERT INTO `user_listen_list` VALUES (86, 227724, 1, b'1');
INSERT INTO `user_listen_list` VALUES (87, 1425626819, 1, b'1');
INSERT INTO `user_listen_list` VALUES (88, 1295843093, 1, b'1');
INSERT INTO `user_listen_list` VALUES (89, 1306436299, 1, b'1');
INSERT INTO `user_listen_list` VALUES (90, 1309995372, 1, b'1');
INSERT INTO `user_listen_list` VALUES (91, 1425080970, 1, b'1');
INSERT INTO `user_listen_list` VALUES (92, 1393616255, 1, b'1');
INSERT INTO `user_listen_list` VALUES (93, 1391638888, 1, b'1');
INSERT INTO `user_listen_list` VALUES (94, 1450574147, 1, b'1');
INSERT INTO `user_listen_list` VALUES (95, 1336856864, 1, b'1');
INSERT INTO `user_listen_list` VALUES (96, 1434429128, 1, b'1');
INSERT INTO `user_listen_list` VALUES (97, 1384527426, 1, b'1');
INSERT INTO `user_listen_list` VALUES (98, 1423241987, 1, b'1');
INSERT INTO `user_listen_list` VALUES (99, 1415829224, 1, b'1');
INSERT INTO `user_listen_list` VALUES (100, 1463453043, 1, b'1');
INSERT INTO `user_listen_list` VALUES (101, 487206688, 1, b'1');
INSERT INTO `user_listen_list` VALUES (102, 139764, 1, b'1');
INSERT INTO `user_listen_list` VALUES (103, 1426597717, 1, b'1');
INSERT INTO `user_listen_list` VALUES (104, 209326, 1, b'1');
INSERT INTO `user_listen_list` VALUES (105, 441441423, 1, b'1');
INSERT INTO `user_listen_list` VALUES (106, 502837906, 1, b'1');
INSERT INTO `user_listen_list` VALUES (107, 1822196365, 1, b'1');
INSERT INTO `user_listen_list` VALUES (108, 2788529, 1, b'1');
INSERT INTO `user_listen_list` VALUES (109, 1386164122, 1, b'1');
INSERT INTO `user_listen_list` VALUES (110, 1486631924, 1, b'1');
INSERT INTO `user_listen_list` VALUES (111, 1383410796, 1, b'1');
INSERT INTO `user_listen_list` VALUES (112, 457567102, 1, b'1');
INSERT INTO `user_listen_list` VALUES (113, 1404511131, 1, b'1');
INSERT INTO `user_listen_list` VALUES (114, 438900437, 1, b'1');
INSERT INTO `user_listen_list` VALUES (115, 1497588709, 1, b'1');
INSERT INTO `user_listen_list` VALUES (116, 5100462, 1, b'1');
INSERT INTO `user_listen_list` VALUES (117, 21234420, 1, b'1');
INSERT INTO `user_listen_list` VALUES (118, 1329538017, 1, b'1');
INSERT INTO `user_listen_list` VALUES (119, 36308236, 1, b'1');
INSERT INTO `user_listen_list` VALUES (120, 1321648605, 1, b'1');
INSERT INTO `user_listen_list` VALUES (121, 1459232593, 1, b'1');
INSERT INTO `user_listen_list` VALUES (122, 1381755293, 1, b'1');
INSERT INTO `user_listen_list` VALUES (123, 1391638771, 1, b'1');
INSERT INTO `user_listen_list` VALUES (124, 1382592790, 1, b'1');
INSERT INTO `user_listen_list` VALUES (125, 411315504, 1, b'1');
INSERT INTO `user_listen_list` VALUES (126, 1340002445, 1, b'1');
INSERT INTO `user_listen_list` VALUES (127, 1417870380, 1, b'1');
INSERT INTO `user_listen_list` VALUES (128, 25657282, 1, b'1');
INSERT INTO `user_listen_list` VALUES (129, 1454732243, 1, b'1');
INSERT INTO `user_listen_list` VALUES (130, 4164331, 1, b'1');
INSERT INTO `user_listen_list` VALUES (131, 482659529, 1, b'1');
INSERT INTO `user_listen_list` VALUES (132, 1336846706, 1, b'1');
INSERT INTO `user_listen_list` VALUES (133, 28208212, 1, b'1');
INSERT INTO `user_listen_list` VALUES (134, 1424722420, 1, b'1');
INSERT INTO `user_listen_list` VALUES (135, 1322041120, 1, b'1');
INSERT INTO `user_listen_list` VALUES (136, 1836033745, 1, b'1');
INSERT INTO `user_listen_list` VALUES (137, 1433338551, 1, b'1');
INSERT INTO `user_listen_list` VALUES (138, 1807901896, 1, b'1');
INSERT INTO `user_listen_list` VALUES (139, 459872690, 1, b'1');
INSERT INTO `user_listen_list` VALUES (140, 1387600059, 1, b'1');
INSERT INTO `user_listen_list` VALUES (141, 1457707546, 1, b'1');
INSERT INTO `user_listen_list` VALUES (142, 28718313, 1, b'1');
INSERT INTO `user_listen_list` VALUES (143, 1403250178, 1, b'1');
INSERT INTO `user_listen_list` VALUES (144, 1845651956, 1, b'1');
INSERT INTO `user_listen_list` VALUES (145, 28830157, 1, b'1');
INSERT INTO `user_listen_list` VALUES (146, 1900851179, 1, b'1');
INSERT INTO `user_listen_list` VALUES (147, 1475737616, 1, b'1');
INSERT INTO `user_listen_list` VALUES (148, 420401511, 1, b'1');
INSERT INTO `user_listen_list` VALUES (149, 1413863166, 1, b'1');
INSERT INTO `user_listen_list` VALUES (150, 1884162801, 1, b'1');
INSERT INTO `user_listen_list` VALUES (151, 1423695212, 1, b'1');
INSERT INTO `user_listen_list` VALUES (152, 1396581082, 1, b'1');
INSERT INTO `user_listen_list` VALUES (153, 1813590062, 1, b'1');
INSERT INTO `user_listen_list` VALUES (154, 4875074, 1, b'1');
INSERT INTO `user_listen_list` VALUES (155, 1830296274, 1, b'1');
INSERT INTO `user_listen_list` VALUES (156, 1466921545, 1, b'1');
INSERT INTO `user_listen_list` VALUES (157, 1339962729, 1, b'1');
INSERT INTO `user_listen_list` VALUES (158, 1886011100, 1, b'1');
INSERT INTO `user_listen_list` VALUES (159, 1909731067, 1, b'1');
INSERT INTO `user_listen_list` VALUES (160, 554191055, 1, b'1');
INSERT INTO `user_listen_list` VALUES (161, 1336153991, 1, b'1');
INSERT INTO `user_listen_list` VALUES (162, 1920376711, 1, b'1');
INSERT INTO `user_listen_list` VALUES (163, 465183718, 1, b'1');
INSERT INTO `user_listen_list` VALUES (164, 30089063, 1, b'1');
INSERT INTO `user_listen_list` VALUES (165, 497034035, 1, b'1');
INSERT INTO `user_listen_list` VALUES (166, 28875230, 1, b'1');
INSERT INTO `user_listen_list` VALUES (167, 247491, 1, b'1');
INSERT INTO `user_listen_list` VALUES (168, 526307800, 1, b'1');
INSERT INTO `user_listen_list` VALUES (169, 245625, 1, b'1');
INSERT INTO `user_listen_list` VALUES (170, 165375, 1, b'1');
INSERT INTO `user_listen_list` VALUES (171, 165340, 1, b'1');
INSERT INTO `user_listen_list` VALUES (172, 516358518, 1, b'1');
INSERT INTO `user_listen_list` VALUES (173, 247947, 1, b'1');
INSERT INTO `user_listen_list` VALUES (174, 509518010, 1, b'1');
INSERT INTO `user_listen_list` VALUES (175, 469699266, 1, b'1');
INSERT INTO `user_listen_list` VALUES (176, 551364090, 1, b'1');
INSERT INTO `user_listen_list` VALUES (177, 4875084, 1, b'1');
INSERT INTO `user_listen_list` VALUES (178, 557407051, 1, b'1');
INSERT INTO `user_listen_list` VALUES (179, 399353833, 1, b'1');
INSERT INTO `user_listen_list` VALUES (180, 5356944, 1, b'1');
INSERT INTO `user_listen_list` VALUES (181, 394748, 1, b'1');
INSERT INTO `user_listen_list` VALUES (182, 139558, 1, b'1');
INSERT INTO `user_listen_list` VALUES (183, 240125, 1, b'1');
INSERT INTO `user_listen_list` VALUES (184, 174963, 1, b'1');
INSERT INTO `user_listen_list` VALUES (185, 31545740, 1, b'1');
INSERT INTO `user_listen_list` VALUES (186, 515143305, 1, b'1');
INSERT INTO `user_listen_list` VALUES (187, 1321385420, 1, b'1');
INSERT INTO `user_listen_list` VALUES (188, 28403111, 1, b'1');
INSERT INTO `user_listen_list` VALUES (189, 471403427, 1, b'1');
INSERT INTO `user_listen_list` VALUES (190, 1316460171, 1, b'1');
INSERT INTO `user_listen_list` VALUES (191, 28832054, 1, b'1');
INSERT INTO `user_listen_list` VALUES (192, 479219330, 1, b'1');
INSERT INTO `user_listen_list` VALUES (193, 458507202, 1, b'1');
INSERT INTO `user_listen_list` VALUES (194, 5267256, 1, b'1');
INSERT INTO `user_listen_list` VALUES (195, 1301177096, 1, b'1');
INSERT INTO `user_listen_list` VALUES (196, 862098281, 1, b'1');
INSERT INTO `user_listen_list` VALUES (197, 435948394, 1, b'1');
INSERT INTO `user_listen_list` VALUES (198, 545751504, 1, b'1');
INSERT INTO `user_listen_list` VALUES (199, 32785814, 1, b'1');
INSERT INTO `user_listen_list` VALUES (200, 529440715, 1, b'1');
INSERT INTO `user_listen_list` VALUES (201, 489768079, 1, b'1');
INSERT INTO `user_listen_list` VALUES (202, 409654891, 1, b'1');
INSERT INTO `user_listen_list` VALUES (203, 450853439, 1, b'1');
INSERT INTO `user_listen_list` VALUES (204, 455359884, 1, b'1');
INSERT INTO `user_listen_list` VALUES (205, 31191007, 1, b'1');
INSERT INTO `user_listen_list` VALUES (206, 503470468, 1, b'1');
INSERT INTO `user_listen_list` VALUES (207, 479486574, 1, b'1');
INSERT INTO `user_listen_list` VALUES (208, 29357404, 1, b'1');
INSERT INTO `user_listen_list` VALUES (209, 417596830, 1, b'1');
INSERT INTO `user_listen_list` VALUES (210, 516358523, 1, b'1');
INSERT INTO `user_listen_list` VALUES (211, 863709049, 1, b'1');
INSERT INTO `user_listen_list` VALUES (212, 522767500, 1, b'1');
INSERT INTO `user_listen_list` VALUES (213, 574908023, 1, b'1');
INSERT INTO `user_listen_list` VALUES (214, 34014481, 1, b'1');
INSERT INTO `user_listen_list` VALUES (215, 394653, 1, b'1');
INSERT INTO `user_listen_list` VALUES (216, 254319, 1, b'1');
INSERT INTO `user_listen_list` VALUES (217, 556030516, 1, b'1');
INSERT INTO `user_listen_list` VALUES (218, 1333324303, 1, b'1');
INSERT INTO `user_listen_list` VALUES (219, 1361239052, 1, b'1');
INSERT INTO `user_listen_list` VALUES (220, 1373847758, 1, b'1');
INSERT INTO `user_listen_list` VALUES (221, 1342798229, 1, b'1');
INSERT INTO `user_listen_list` VALUES (222, 502327257, 1, b'1');
INSERT INTO `user_listen_list` VALUES (223, 165339, 1, b'1');
INSERT INTO `user_listen_list` VALUES (224, 1453221584, 1, b'1');
INSERT INTO `user_listen_list` VALUES (225, 1434573000, 1, b'1');
INSERT INTO `user_listen_list` VALUES (226, 1439376524, 1, b'1');
INSERT INTO `user_listen_list` VALUES (227, 1305656179, 1, b'1');
INSERT INTO `user_listen_list` VALUES (228, 1422212205, 1, b'1');
INSERT INTO `user_listen_list` VALUES (229, 1456584626, 1, b'1');
INSERT INTO `user_listen_list` VALUES (230, 1347090645, 1, b'1');
INSERT INTO `user_listen_list` VALUES (231, 1417082727, 1, b'1');
INSERT INTO `user_listen_list` VALUES (232, 1309833126, 1, b'1');
INSERT INTO `user_listen_list` VALUES (233, 1383967734, 1, b'1');
INSERT INTO `user_listen_list` VALUES (234, 1377106320, 1, b'1');
INSERT INTO `user_listen_list` VALUES (235, 467390215, 1, b'1');
INSERT INTO `user_listen_list` VALUES (236, 1399413450, 1, b'1');
INSERT INTO `user_listen_list` VALUES (237, 491233901, 1, b'1');
INSERT INTO `user_listen_list` VALUES (238, 28566356, 1, b'1');
INSERT INTO `user_listen_list` VALUES (239, 1341188360, 1, b'1');
INSERT INTO `user_listen_list` VALUES (240, 1309814395, 1, b'1');
INSERT INTO `user_listen_list` VALUES (241, 531786301, 1, b'1');
INSERT INTO `user_listen_list` VALUES (242, 497463179, 1, b'1');
INSERT INTO `user_listen_list` VALUES (243, 28828712, 1, b'1');
INSERT INTO `user_listen_list` VALUES (244, 1294156428, 1, b'1');
INSERT INTO `user_listen_list` VALUES (245, 509106775, 1, b'1');
INSERT INTO `user_listen_list` VALUES (246, 1306436299, 1, b'1');
INSERT INTO `user_listen_list` VALUES (247, 1425626819, 1, b'1');
INSERT INTO `user_listen_list` VALUES (248, 227724, 1, b'1');
INSERT INTO `user_listen_list` VALUES (249, 1425080970, 1, b'1');
INSERT INTO `user_listen_list` VALUES (250, 1295843093, 1, b'1');
INSERT INTO `user_listen_list` VALUES (251, 28557036, 1, b'1');
INSERT INTO `user_listen_list` VALUES (252, 1309995372, 1, b'1');
INSERT INTO `user_listen_list` VALUES (253, 1391638888, 1, b'1');
INSERT INTO `user_listen_list` VALUES (254, 1393616255, 1, b'1');
INSERT INTO `user_listen_list` VALUES (255, 1450574147, 1, b'1');
INSERT INTO `user_listen_list` VALUES (256, 1336856864, 1, b'1');
INSERT INTO `user_listen_list` VALUES (257, 139764, 1, b'1');
INSERT INTO `user_listen_list` VALUES (258, 487206688, 1, b'1');
INSERT INTO `user_listen_list` VALUES (259, 1384527426, 1, b'1');
INSERT INTO `user_listen_list` VALUES (260, 1463453043, 1, b'1');
INSERT INTO `user_listen_list` VALUES (261, 441441423, 1, b'1');
INSERT INTO `user_listen_list` VALUES (262, 1415829224, 1, b'1');
INSERT INTO `user_listen_list` VALUES (263, 209326, 1, b'1');
INSERT INTO `user_listen_list` VALUES (264, 1423241987, 1, b'1');
INSERT INTO `user_listen_list` VALUES (265, 1434429128, 1, b'1');
INSERT INTO `user_listen_list` VALUES (266, 438900437, 1, b'1');
INSERT INTO `user_listen_list` VALUES (267, 502837906, 1, b'1');
INSERT INTO `user_listen_list` VALUES (268, 1497588709, 1, b'1');
INSERT INTO `user_listen_list` VALUES (269, 1426597717, 1, b'1');
INSERT INTO `user_listen_list` VALUES (270, 2788529, 1, b'1');
INSERT INTO `user_listen_list` VALUES (271, 1822196365, 1, b'1');
INSERT INTO `user_listen_list` VALUES (272, 457567102, 1, b'1');
INSERT INTO `user_listen_list` VALUES (273, 1383410796, 1, b'1');
INSERT INTO `user_listen_list` VALUES (274, 1486631924, 1, b'1');
INSERT INTO `user_listen_list` VALUES (275, 1386164122, 1, b'1');
INSERT INTO `user_listen_list` VALUES (276, 1404511131, 1, b'1');
INSERT INTO `user_listen_list` VALUES (277, 1321648605, 1, b'1');
INSERT INTO `user_listen_list` VALUES (278, 21234420, 1, b'1');
INSERT INTO `user_listen_list` VALUES (279, 36308236, 1, b'1');
INSERT INTO `user_listen_list` VALUES (280, 5100462, 1, b'1');
INSERT INTO `user_listen_list` VALUES (281, 1459232593, 1, b'1');
INSERT INTO `user_listen_list` VALUES (282, 1329538017, 1, b'1');
INSERT INTO `user_listen_list` VALUES (283, 411315504, 1, b'1');
INSERT INTO `user_listen_list` VALUES (284, 1381755293, 1, b'1');
INSERT INTO `user_listen_list` VALUES (285, 1382592790, 1, b'1');
INSERT INTO `user_listen_list` VALUES (286, 1391638771, 1, b'1');
INSERT INTO `user_listen_list` VALUES (287, 4164331, 1, b'1');
INSERT INTO `user_listen_list` VALUES (288, 28208212, 1, b'1');
INSERT INTO `user_listen_list` VALUES (289, 1340002445, 1, b'1');
INSERT INTO `user_listen_list` VALUES (290, 1417870380, 1, b'1');
INSERT INTO `user_listen_list` VALUES (291, 1454732243, 1, b'1');
INSERT INTO `user_listen_list` VALUES (292, 25657282, 1, b'1');
INSERT INTO `user_listen_list` VALUES (293, 482659529, 1, b'1');
INSERT INTO `user_listen_list` VALUES (294, 1336846706, 1, b'1');
INSERT INTO `user_listen_list` VALUES (295, 1836033745, 1, b'1');
INSERT INTO `user_listen_list` VALUES (296, 1403250178, 1, b'1');
INSERT INTO `user_listen_list` VALUES (297, 1322041120, 1, b'1');
INSERT INTO `user_listen_list` VALUES (298, 1424722420, 1, b'1');
INSERT INTO `user_listen_list` VALUES (299, 1387600059, 1, b'1');
INSERT INTO `user_listen_list` VALUES (300, 1433338551, 1, b'1');
INSERT INTO `user_listen_list` VALUES (301, 28718313, 1, b'1');
INSERT INTO `user_listen_list` VALUES (302, 28830157, 1, b'1');
INSERT INTO `user_listen_list` VALUES (303, 1457707546, 1, b'1');
INSERT INTO `user_listen_list` VALUES (304, 459872690, 1, b'1');
INSERT INTO `user_listen_list` VALUES (305, 1807901896, 1, b'1');
INSERT INTO `user_listen_list` VALUES (306, 1845651956, 1, b'1');
INSERT INTO `user_listen_list` VALUES (307, 1475737616, 1, b'1');
INSERT INTO `user_listen_list` VALUES (308, 1900851179, 1, b'1');
INSERT INTO `user_listen_list` VALUES (309, 1884162801, 1, b'1');
INSERT INTO `user_listen_list` VALUES (310, 420401511, 1, b'1');
INSERT INTO `user_listen_list` VALUES (311, 1813590062, 1, b'1');
INSERT INTO `user_listen_list` VALUES (312, 1413863166, 1, b'1');
INSERT INTO `user_listen_list` VALUES (313, 1396581082, 1, b'1');
INSERT INTO `user_listen_list` VALUES (314, 4875074, 1, b'1');
INSERT INTO `user_listen_list` VALUES (315, 1423695212, 1, b'1');
INSERT INTO `user_listen_list` VALUES (316, 1339962729, 1, b'1');
INSERT INTO `user_listen_list` VALUES (317, 1466921545, 1, b'1');
INSERT INTO `user_listen_list` VALUES (318, 1830296274, 1, b'1');
INSERT INTO `user_listen_list` VALUES (319, 1336153991, 1, b'1');
INSERT INTO `user_listen_list` VALUES (320, 1920376711, 1, b'1');
INSERT INTO `user_listen_list` VALUES (321, 1886011100, 1, b'1');
INSERT INTO `user_listen_list` VALUES (322, 1909731067, 1, b'1');
INSERT INTO `user_listen_list` VALUES (323, 1447253291, 1, b'1');
INSERT INTO `user_listen_list` VALUES (324, 1452869668, 1, b'1');
INSERT INTO `user_listen_list` VALUES (325, 1400259397, 1, b'1');
INSERT INTO `user_listen_list` VALUES (326, 5240523, 1, b'1');
INSERT INTO `user_listen_list` VALUES (327, 1388800785, 1, b'1');
INSERT INTO `user_listen_list` VALUES (328, 1381794108, 1, b'1');
INSERT INTO `user_listen_list` VALUES (329, 1333395577, 1, b'1');
INSERT INTO `user_listen_list` VALUES (330, 1390480881, 1, b'1');
INSERT INTO `user_listen_list` VALUES (331, 1496828617, 1, b'1');
INSERT INTO `user_listen_list` VALUES (332, 1483217346, 1, b'1');
INSERT INTO `user_listen_list` VALUES (333, 1844449888, 1, b'1');
INSERT INTO `user_listen_list` VALUES (334, 1429478724, 1, b'1');
INSERT INTO `user_listen_list` VALUES (335, 1336990251, 1, b'1');
INSERT INTO `user_listen_list` VALUES (336, 1867217766, 1, b'1');
INSERT INTO `user_listen_list` VALUES (337, 1895330088, 1, b'1');
INSERT INTO `user_listen_list` VALUES (338, 1382428964, 1, b'1');
INSERT INTO `user_listen_list` VALUES (339, 1355757673, 1, b'1');
INSERT INTO `user_listen_list` VALUES (340, 441491828, 1, b'1');
INSERT INTO `user_listen_list` VALUES (341, 1887139866, 1, b'1');
INSERT INTO `user_listen_list` VALUES (342, 1806926338, 1, b'1');
INSERT INTO `user_listen_list` VALUES (343, 1454723856, 1, b'1');
INSERT INTO `user_listen_list` VALUES (344, 1482867143, 1, b'1');
INSERT INTO `user_listen_list` VALUES (345, 1387608205, 1, b'1');
INSERT INTO `user_listen_list` VALUES (346, 1449375131, 1, b'1');
INSERT INTO `user_listen_list` VALUES (347, 1406649619, 1, b'1');
INSERT INTO `user_listen_list` VALUES (348, 1820314965, 1, b'1');
INSERT INTO `user_listen_list` VALUES (349, 420401511, 1, b'1');
INSERT INTO `user_listen_list` VALUES (350, 1494904446, 1, b'1');
INSERT INTO `user_listen_list` VALUES (351, 475479888, 1, b'1');
INSERT INTO `user_listen_list` VALUES (352, 1873679928, 1, b'1');
INSERT INTO `user_listen_list` VALUES (353, 864498975, 1, b'1');
INSERT INTO `user_listen_list` VALUES (354, 1451762098, 1, b'1');
INSERT INTO `user_listen_list` VALUES (355, 1484240293, 1, b'1');
INSERT INTO `user_listen_list` VALUES (356, 1325711261, 1, b'1');
INSERT INTO `user_listen_list` VALUES (357, 1499045875, 1, b'1');
INSERT INTO `user_listen_list` VALUES (358, 1371046568, 1, b'1');
INSERT INTO `user_listen_list` VALUES (359, 1854632486, 1, b'1');
INSERT INTO `user_listen_list` VALUES (360, 863489767, 1, b'1');
INSERT INTO `user_listen_list` VALUES (361, 1398283847, 1, b'1');
INSERT INTO `user_listen_list` VALUES (362, 548885986, 1, b'1');
INSERT INTO `user_listen_list` VALUES (363, 431791310, 1, b'1');
INSERT INTO `user_listen_list` VALUES (364, 469998923, 1, b'1');
INSERT INTO `user_listen_list` VALUES (365, 1465310744, 1, b'1');
INSERT INTO `user_listen_list` VALUES (366, 1885427474, 1, b'1');
INSERT INTO `user_listen_list` VALUES (367, 1363642136, 1, b'1');
INSERT INTO `user_listen_list` VALUES (368, 1916535580, 1, b'1');
INSERT INTO `user_listen_list` VALUES (369, 1907766514, 1, b'1');
INSERT INTO `user_listen_list` VALUES (370, 1434354649, 1, b'1');
INSERT INTO `user_listen_list` VALUES (371, 1396023850, 1, b'1');
INSERT INTO `user_listen_list` VALUES (372, 1444242241, 1, b'1');
INSERT INTO `user_listen_list` VALUES (373, 1836033745, 1, b'1');
INSERT INTO `user_listen_list` VALUES (374, 1841253532, 1, b'1');
INSERT INTO `user_listen_list` VALUES (375, 1312250080, 1, b'1');
INSERT INTO `user_listen_list` VALUES (376, 1303464858, 1, b'1');
INSERT INTO `user_listen_list` VALUES (377, 1385911240, 1, b'1');
INSERT INTO `user_listen_list` VALUES (378, 1465335755, 1, b'1');
INSERT INTO `user_listen_list` VALUES (379, 1899705498, 1, b'1');
INSERT INTO `user_listen_list` VALUES (380, 1883775075, 1, b'1');
INSERT INTO `user_listen_list` VALUES (381, 1887276693, 1, b'1');
INSERT INTO `user_listen_list` VALUES (382, 1459935719, 1, b'1');
INSERT INTO `user_listen_list` VALUES (383, 442869203, 1, b'1');
INSERT INTO `user_listen_list` VALUES (384, 1401482684, 1, b'1');
INSERT INTO `user_listen_list` VALUES (385, 1842728629, 1, b'1');
INSERT INTO `user_listen_list` VALUES (386, 1922321241, 1, b'1');
INSERT INTO `user_listen_list` VALUES (387, 1922327716, 1, b'1');
INSERT INTO `user_listen_list` VALUES (388, 1391209505, 1, b'1');
INSERT INTO `user_listen_list` VALUES (389, 1461326927, 1, b'1');
INSERT INTO `user_listen_list` VALUES (390, 1821741206, 1, b'1');
INSERT INTO `user_listen_list` VALUES (391, 1821741207, 1, b'1');
INSERT INTO `user_listen_list` VALUES (392, 1821741931, 1, b'1');
INSERT INTO `user_listen_list` VALUES (393, 1834064860, 1, b'1');
INSERT INTO `user_listen_list` VALUES (394, 1838716609, 1, b'1');
INSERT INTO `user_listen_list` VALUES (395, 1862310188, 1, b'1');
INSERT INTO `user_listen_list` VALUES (396, 1862310200, 1, b'1');
INSERT INTO `user_listen_list` VALUES (397, 1920874487, 1, b'1');
INSERT INTO `user_listen_list` VALUES (398, 1920879653, 1, b'1');
INSERT INTO `user_listen_list` VALUES (399, 1389848631, 1, b'1');
INSERT INTO `user_listen_list` VALUES (400, 461257827, 1, b'1');
INSERT INTO `user_listen_list` VALUES (401, 482390227, 1, b'1');
INSERT INTO `user_listen_list` VALUES (402, 482389740, 1, b'1');
INSERT INTO `user_listen_list` VALUES (403, 482390419, 1, b'1');
INSERT INTO `user_listen_list` VALUES (404, 1915493687, 1, b'1');
INSERT INTO `user_listen_list` VALUES (405, 482388644, 1, b'1');
INSERT INTO `user_listen_list` VALUES (406, 1906997674, 1, b'1');
INSERT INTO `user_listen_list` VALUES (407, 482389652, 1, b'1');
INSERT INTO `user_listen_list` VALUES (408, 421870415, 1, b'1');
INSERT INTO `user_listen_list` VALUES (409, 421934372, 1, b'1');
INSERT INTO `user_listen_list` VALUES (410, 1806967093, 1, b'1');
INSERT INTO `user_listen_list` VALUES (411, 1839977600, 1, b'1');
INSERT INTO `user_listen_list` VALUES (412, 1850604610, 1, b'1');
INSERT INTO `user_listen_list` VALUES (413, 421934377, 1, b'1');
INSERT INTO `user_listen_list` VALUES (414, 1838482225, 1, b'1');
INSERT INTO `user_listen_list` VALUES (415, 1294899386, 1, b'1');
INSERT INTO `user_listen_list` VALUES (416, 407889467, 1, b'1');
INSERT INTO `user_listen_list` VALUES (417, 406346737, 1, b'1');
INSERT INTO `user_listen_list` VALUES (418, 542691140, 1, b'1');
INSERT INTO `user_listen_list` VALUES (419, 1387607209, 1, b'1');
INSERT INTO `user_listen_list` VALUES (420, 416552064, 1, b'1');
INSERT INTO `user_listen_list` VALUES (421, 543988244, 1, b'1');
INSERT INTO `user_listen_list` VALUES (422, 409288280, 1, b'1');
INSERT INTO `user_listen_list` VALUES (423, 487590248, 1, b'1');
INSERT INTO `user_listen_list` VALUES (424, 1317145254, 1, b'1');
INSERT INTO `user_listen_list` VALUES (425, 473901337, 1, b'1');
INSERT INTO `user_listen_list` VALUES (426, 518895053, 1, b'1');
INSERT INTO `user_listen_list` VALUES (427, 1854420516, 1, b'1');
INSERT INTO `user_listen_list` VALUES (428, 543988769, 1, b'1');
INSERT INTO `user_listen_list` VALUES (429, 1381305444, 1, b'1');
INSERT INTO `user_listen_list` VALUES (430, 1887308479, 1, b'1');
INSERT INTO `user_listen_list` VALUES (431, 41500742, 1, b'1');
INSERT INTO `user_listen_list` VALUES (432, 1844714506, 1, b'1');
INSERT INTO `user_listen_list` VALUES (433, 549304010, 1, b'1');
INSERT INTO `user_listen_list` VALUES (434, 477930622, 1, b'1');
INSERT INTO `user_listen_list` VALUES (435, 1387607263, 1, b'1');
INSERT INTO `user_listen_list` VALUES (436, 1899668585, 1, b'1');
INSERT INTO `user_listen_list` VALUES (437, 1449871980, 1, b'1');
INSERT INTO `user_listen_list` VALUES (438, 521418569, 1, b'1');
INSERT INTO `user_listen_list` VALUES (439, 1848231731, 1, b'1');
INSERT INTO `user_listen_list` VALUES (440, 1387608334, 1, b'1');
INSERT INTO `user_listen_list` VALUES (441, 512358238, 1, b'1');
INSERT INTO `user_listen_list` VALUES (442, 1387608144, 1, b'1');
INSERT INTO `user_listen_list` VALUES (443, 1890148937, 1, b'1');
INSERT INTO `user_listen_list` VALUES (444, 1856318955, 1, b'1');
INSERT INTO `user_listen_list` VALUES (445, 1847989080, 1, b'1');
INSERT INTO `user_listen_list` VALUES (446, 1385642763, 1, b'1');
INSERT INTO `user_listen_list` VALUES (447, 1440145355, 1, b'1');
INSERT INTO `user_listen_list` VALUES (448, 32217139, 1, b'1');
INSERT INTO `user_listen_list` VALUES (449, 460241049, 1, b'1');
INSERT INTO `user_listen_list` VALUES (450, 1895092905, 1, b'1');
INSERT INTO `user_listen_list` VALUES (451, 1892300139, 1, b'1');
INSERT INTO `user_listen_list` VALUES (452, 1301416320, 1, b'1');
INSERT INTO `user_listen_list` VALUES (453, 1334859546, 1, b'1');
INSERT INTO `user_listen_list` VALUES (454, 1379869690, 1, b'1');
INSERT INTO `user_listen_list` VALUES (455, 1915524646, 1, b'1');
INSERT INTO `user_listen_list` VALUES (456, 1387607550, 1, b'1');
INSERT INTO `user_listen_list` VALUES (457, 1440148557, 1, b'1');
INSERT INTO `user_listen_list` VALUES (458, 36616388, 1, b'1');
INSERT INTO `user_listen_list` VALUES (459, 547971012, 1, b'1');
INSERT INTO `user_listen_list` VALUES (460, 1387608298, 1, b'1');
INSERT INTO `user_listen_list` VALUES (461, 1382428964, 1, b'1');
INSERT INTO `user_listen_list` VALUES (462, 464330131, 1, b'1');
INSERT INTO `user_listen_list` VALUES (463, 1440148560, 1, b'1');
INSERT INTO `user_listen_list` VALUES (464, 1387608205, 1, b'1');
INSERT INTO `user_listen_list` VALUES (465, 1859914415, 1, b'1');
INSERT INTO `user_listen_list` VALUES (466, 473404348, 1, b'1');
INSERT INTO `user_listen_list` VALUES (467, 1907786721, 1, b'1');
INSERT INTO `user_listen_list` VALUES (468, 411988534, 1, b'1');
INSERT INTO `user_listen_list` VALUES (469, 1440148185, 1, b'1');
INSERT INTO `user_listen_list` VALUES (470, 1384283834, 1, b'1');
INSERT INTO `user_listen_list` VALUES (471, 1882424351, 1, b'1');
INSERT INTO `user_listen_list` VALUES (472, 1315169726, 1, b'1');
INSERT INTO `user_listen_list` VALUES (473, 1915492015, 1, b'1');
INSERT INTO `user_listen_list` VALUES (474, 1915290672, 1, b'1');
INSERT INTO `user_listen_list` VALUES (475, 501220106, 1, b'1');
INSERT INTO `user_listen_list` VALUES (476, 1371557617, 1, b'1');
INSERT INTO `user_listen_list` VALUES (477, 1440148562, 1, b'1');
INSERT INTO `user_listen_list` VALUES (478, 491787693, 1, b'1');
INSERT INTO `user_listen_list` VALUES (479, 1861632812, 1, b'1');
INSERT INTO `user_listen_list` VALUES (480, 424496769, 1, b'1');
INSERT INTO `user_listen_list` VALUES (481, 407435011, 1, b'1');
INSERT INTO `user_listen_list` VALUES (482, 1845651956, 1, b'1');
INSERT INTO `user_listen_list` VALUES (483, 1325711261, 1, b'1');
INSERT INTO `user_listen_list` VALUES (484, 420401511, 1, b'1');
INSERT INTO `user_listen_list` VALUES (485, 1454670699, 1, b'1');
INSERT INTO `user_listen_list` VALUES (486, 1918633954, 1, b'1');
INSERT INTO `user_listen_list` VALUES (487, 1921551473, 1, b'1');
INSERT INTO `user_listen_list` VALUES (488, 1921551471, 1, b'1');
INSERT INTO `user_listen_list` VALUES (489, 1921552297, 1, b'1');
INSERT INTO `user_listen_list` VALUES (490, 1921551468, 1, b'1');
INSERT INTO `user_listen_list` VALUES (491, 1921552286, 1, b'1');
INSERT INTO `user_listen_list` VALUES (492, 1921551456, 1, b'1');
INSERT INTO `user_listen_list` VALUES (493, 1921551453, 1, b'1');
INSERT INTO `user_listen_list` VALUES (494, 1921551451, 1, b'1');
INSERT INTO `user_listen_list` VALUES (495, 1921551449, 1, b'1');
INSERT INTO `user_listen_list` VALUES (496, 1921552279, 1, b'1');
INSERT INTO `user_listen_list` VALUES (497, 1921552277, 1, b'1');
INSERT INTO `user_listen_list` VALUES (498, 1921551435, 1, b'1');
INSERT INTO `user_listen_list` VALUES (499, 1921551401, 1, b'1');
INSERT INTO `user_listen_list` VALUES (500, 1334096970, 1, b'1');
INSERT INTO `user_listen_list` VALUES (501, 1336153991, 1, b'1');
INSERT INTO `user_listen_list` VALUES (502, 1873575196, 1, b'1');
INSERT INTO `user_listen_list` VALUES (503, 22637840, 1, b'1');
INSERT INTO `user_listen_list` VALUES (504, 1873577624, 1, b'1');
INSERT INTO `user_listen_list` VALUES (505, 448143224, 1, b'1');
INSERT INTO `user_listen_list` VALUES (506, 819537, 1, b'1');
INSERT INTO `user_listen_list` VALUES (507, 1297742090, 1, b'1');
INSERT INTO `user_listen_list` VALUES (508, 1406499136, 1, b'1');
INSERT INTO `user_listen_list` VALUES (509, 456185567, 1, b'1');
INSERT INTO `user_listen_list` VALUES (510, 500665392, 1, b'1');
INSERT INTO `user_listen_list` VALUES (511, 445153784, 1, b'1');
INSERT INTO `user_listen_list` VALUES (512, 818258, 1, b'1');
INSERT INTO `user_listen_list` VALUES (513, 500665396, 1, b'1');
INSERT INTO `user_listen_list` VALUES (514, 448144275, 1, b'1');
INSERT INTO `user_listen_list` VALUES (515, 500665394, 1, b'1');
INSERT INTO `user_listen_list` VALUES (516, 34828428, 1, b'1');
INSERT INTO `user_listen_list` VALUES (517, 417243485, 1, b'1');
INSERT INTO `user_listen_list` VALUES (518, 1294737141, 1, b'1');
INSERT INTO `user_listen_list` VALUES (519, 31446051, 1, b'1');
INSERT INTO `user_listen_list` VALUES (520, 500665401, 1, b'1');
INSERT INTO `user_listen_list` VALUES (521, 29593073, 1, b'1');
INSERT INTO `user_listen_list` VALUES (522, 26329928, 1, b'1');
INSERT INTO `user_listen_list` VALUES (523, 1814116174, 1, b'1');
INSERT INTO `user_listen_list` VALUES (524, 733149, 1, b'1');
INSERT INTO `user_listen_list` VALUES (525, 733203, 1, b'1');
INSERT INTO `user_listen_list` VALUES (526, 1873577624, 1, b'1');
INSERT INTO `user_listen_list` VALUES (527, 1873575196, 1, b'1');
INSERT INTO `user_listen_list` VALUES (528, 22637840, 1, b'1');
INSERT INTO `user_listen_list` VALUES (529, 448143224, 1, b'1');
INSERT INTO `user_listen_list` VALUES (530, 819537, 1, b'1');
INSERT INTO `user_listen_list` VALUES (531, 818258, 1, b'1');
INSERT INTO `user_listen_list` VALUES (532, 448144275, 1, b'1');
INSERT INTO `user_listen_list` VALUES (533, 1294737141, 1, b'1');
INSERT INTO `user_listen_list` VALUES (534, 500665396, 1, b'1');
INSERT INTO `user_listen_list` VALUES (535, 34828428, 1, b'1');
INSERT INTO `user_listen_list` VALUES (536, 1406499136, 1, b'1');
INSERT INTO `user_listen_list` VALUES (537, 456185567, 1, b'1');
INSERT INTO `user_listen_list` VALUES (538, 500665392, 1, b'1');
INSERT INTO `user_listen_list` VALUES (539, 1297742090, 1, b'1');
INSERT INTO `user_listen_list` VALUES (540, 500665401, 1, b'1');
INSERT INTO `user_listen_list` VALUES (541, 417243485, 1, b'1');
INSERT INTO `user_listen_list` VALUES (542, 500665394, 1, b'1');
INSERT INTO `user_listen_list` VALUES (543, 445153784, 1, b'1');
INSERT INTO `user_listen_list` VALUES (544, 31446051, 1, b'1');
INSERT INTO `user_listen_list` VALUES (545, 29593073, 1, b'1');
INSERT INTO `user_listen_list` VALUES (546, 733203, 1, b'1');
INSERT INTO `user_listen_list` VALUES (547, 26329928, 1, b'1');
INSERT INTO `user_listen_list` VALUES (548, 1814116174, 1, b'1');
INSERT INTO `user_listen_list` VALUES (549, 733149, 1, b'1');
INSERT INTO `user_listen_list` VALUES (550, 28445988, 1, b'1');
INSERT INTO `user_listen_list` VALUES (551, 28445989, 1, b'1');
INSERT INTO `user_listen_list` VALUES (552, 22654576, 1, b'1');
INSERT INTO `user_listen_list` VALUES (553, 28578702, 1, b'1');
INSERT INTO `user_listen_list` VALUES (554, 28449001, 1, b'1');
INSERT INTO `user_listen_list` VALUES (555, 433223018, 1, b'1');
INSERT INTO `user_listen_list` VALUES (556, 31260673, 1, b'1');
INSERT INTO `user_listen_list` VALUES (557, 22654569, 1, b'1');
INSERT INTO `user_listen_list` VALUES (558, 28445995, 1, b'1');
INSERT INTO `user_listen_list` VALUES (559, 31260672, 1, b'1');
INSERT INTO `user_listen_list` VALUES (560, 28285813, 1, b'1');
INSERT INTO `user_listen_list` VALUES (561, 22691078, 1, b'1');
INSERT INTO `user_listen_list` VALUES (562, 22654574, 1, b'1');
INSERT INTO `user_listen_list` VALUES (563, 35270833, 1, b'1');
INSERT INTO `user_listen_list` VALUES (564, 27876665, 1, b'1');
INSERT INTO `user_listen_list` VALUES (565, 432506410, 1, b'1');
INSERT INTO `user_listen_list` VALUES (566, 28445992, 1, b'1');
INSERT INTO `user_listen_list` VALUES (567, 22654571, 1, b'1');
INSERT INTO `user_listen_list` VALUES (568, 1466598058, 1, b'1');
INSERT INTO `user_listen_list` VALUES (569, 28445994, 1, b'1');
INSERT INTO `user_listen_list` VALUES (570, 28445993, 1, b'1');
INSERT INTO `user_listen_list` VALUES (571, 28578696, 1, b'1');
INSERT INTO `user_listen_list` VALUES (572, 22654568, 1, b'1');
INSERT INTO `user_listen_list` VALUES (573, 22654570, 1, b'1');
INSERT INTO `user_listen_list` VALUES (574, 22691077, 1, b'1');
INSERT INTO `user_listen_list` VALUES (575, 26418997, 1, b'1');
INSERT INTO `user_listen_list` VALUES (576, 28445987, 1, b'1');
INSERT INTO `user_listen_list` VALUES (577, 1390398318, 1, b'1');
INSERT INTO `user_listen_list` VALUES (578, 28445996, 1, b'1');
INSERT INTO `user_listen_list` VALUES (579, 22654566, 1, b'1');
INSERT INTO `user_listen_list` VALUES (580, 28445991, 1, b'1');
INSERT INTO `user_listen_list` VALUES (581, 459717901, 1, b'1');
INSERT INTO `user_listen_list` VALUES (582, 1321382023, 1, b'1');
INSERT INTO `user_listen_list` VALUES (583, 22691076, 1, b'1');
INSERT INTO `user_listen_list` VALUES (584, 22654567, 1, b'1');
INSERT INTO `user_listen_list` VALUES (585, 22677429, 1, b'1');
INSERT INTO `user_listen_list` VALUES (586, 28446000, 1, b'1');
INSERT INTO `user_listen_list` VALUES (587, 432509391, 1, b'1');
INSERT INTO `user_listen_list` VALUES (588, 492833330, 1, b'1');
INSERT INTO `user_listen_list` VALUES (589, 1466597803, 1, b'1');
INSERT INTO `user_listen_list` VALUES (590, 524149974, 1, b'1');
INSERT INTO `user_listen_list` VALUES (591, 1466597801, 1, b'1');
INSERT INTO `user_listen_list` VALUES (592, 1466597808, 1, b'1');
INSERT INTO `user_listen_list` VALUES (593, 485355005, 1, b'1');
INSERT INTO `user_listen_list` VALUES (594, 459717903, 1, b'1');
INSERT INTO `user_listen_list` VALUES (595, 512376193, 1, b'1');
INSERT INTO `user_listen_list` VALUES (596, 22654575, 1, b'1');
INSERT INTO `user_listen_list` VALUES (597, 459717902, 1, b'1');
INSERT INTO `user_listen_list` VALUES (598, 512377170, 1, b'1');
INSERT INTO `user_listen_list` VALUES (599, 1466597806, 1, b'1');
INSERT INTO `user_listen_list` VALUES (600, 512376192, 1, b'1');
INSERT INTO `user_listen_list` VALUES (601, 543373, 1, b'1');
INSERT INTO `user_listen_list` VALUES (602, 485607033, 1, b'1');
INSERT INTO `user_listen_list` VALUES (603, 1466597805, 1, b'1');
INSERT INTO `user_listen_list` VALUES (604, 27876664, 1, b'1');
INSERT INTO `user_listen_list` VALUES (605, 1321385247, 1, b'1');
INSERT INTO `user_listen_list` VALUES (606, 512358198, 1, b'1');
INSERT INTO `user_listen_list` VALUES (607, 37095790, 1, b'1');
INSERT INTO `user_listen_list` VALUES (608, 512359197, 1, b'1');
INSERT INTO `user_listen_list` VALUES (609, 1466598055, 1, b'1');
INSERT INTO `user_listen_list` VALUES (610, 22654572, 1, b'1');
INSERT INTO `user_listen_list` VALUES (611, 536623987, 1, b'1');
INSERT INTO `user_listen_list` VALUES (612, 494858478, 1, b'1');
INSERT INTO `user_listen_list` VALUES (613, 536622972, 1, b'1');
INSERT INTO `user_listen_list` VALUES (614, 512359194, 1, b'1');
INSERT INTO `user_listen_list` VALUES (615, 1466597809, 1, b'1');
INSERT INTO `user_listen_list` VALUES (616, 512359196, 1, b'1');
INSERT INTO `user_listen_list` VALUES (617, 1849667842, 1, b'1');
INSERT INTO `user_listen_list` VALUES (618, 1317505406, 1, b'1');
INSERT INTO `user_listen_list` VALUES (619, 1466598053, 1, b'1');
INSERT INTO `user_listen_list` VALUES (620, 22691083, 1, b'1');
INSERT INTO `user_listen_list` VALUES (621, 1466597807, 1, b'1');
INSERT INTO `user_listen_list` VALUES (622, 22654573, 1, b'1');
INSERT INTO `user_listen_list` VALUES (623, 28445999, 1, b'1');
INSERT INTO `user_listen_list` VALUES (624, 433223017, 1, b'1');
INSERT INTO `user_listen_list` VALUES (625, 1390397311, 1, b'1');
INSERT INTO `user_listen_list` VALUES (626, 1466598057, 1, b'1');
INSERT INTO `user_listen_list` VALUES (627, 1466598054, 1, b'1');
INSERT INTO `user_listen_list` VALUES (628, 1466597804, 1, b'1');
INSERT INTO `user_listen_list` VALUES (629, 512376191, 1, b'1');
INSERT INTO `user_listen_list` VALUES (630, 1390397310, 1, b'1');
INSERT INTO `user_listen_list` VALUES (631, 1847255990, 1, b'1');
INSERT INTO `user_listen_list` VALUES (632, 512377169, 1, b'1');
INSERT INTO `user_listen_list` VALUES (633, 1418457693, 1, b'1');
INSERT INTO `user_listen_list` VALUES (634, 512358197, 1, b'1');
INSERT INTO `user_listen_list` VALUES (635, 1466598056, 1, b'1');
INSERT INTO `user_listen_list` VALUES (636, 28445990, 1, b'1');
INSERT INTO `user_listen_list` VALUES (637, 432509390, 1, b'1');
INSERT INTO `user_listen_list` VALUES (638, 1466597802, 1, b'1');
INSERT INTO `user_listen_list` VALUES (639, 485355004, 1, b'1');
INSERT INTO `user_listen_list` VALUES (640, 1369903412, 1, b'1');
INSERT INTO `user_listen_list` VALUES (641, 1318880077, 1, b'1');
INSERT INTO `user_listen_list` VALUES (642, 512376195, 1, b'1');
INSERT INTO `user_listen_list` VALUES (643, 512359198, 1, b'1');
INSERT INTO `user_listen_list` VALUES (644, 512358200, 1, b'1');
INSERT INTO `user_listen_list` VALUES (645, 512359195, 1, b'1');
INSERT INTO `user_listen_list` VALUES (646, 496869422, 1, b'1');
INSERT INTO `user_listen_list` VALUES (647, 1915079946, 1, b'1');
INSERT INTO `user_listen_list` VALUES (648, 1851022762, 1, b'1');
INSERT INTO `user_listen_list` VALUES (649, 536622304, 1, b'1');
INSERT INTO `user_listen_list` VALUES (650, 1499848478, 1, b'1');
INSERT INTO `user_listen_list` VALUES (651, 1894094482, 1, b'1');
INSERT INTO `user_listen_list` VALUES (652, 520482501, 1, b'1');
INSERT INTO `user_listen_list` VALUES (653, 1492074263, 1, b'1');
INSERT INTO `user_listen_list` VALUES (654, 1499781983, 1, b'1');
INSERT INTO `user_listen_list` VALUES (655, 1485808754, 1, b'1');
INSERT INTO `user_listen_list` VALUES (656, 1497588709, 1, b'1');
INSERT INTO `user_listen_list` VALUES (657, 1495038414, 1, b'1');
INSERT INTO `user_listen_list` VALUES (658, 1492319444, 1, b'1');
INSERT INTO `user_listen_list` VALUES (659, 1493255233, 1, b'1');
INSERT INTO `user_listen_list` VALUES (660, 1496851312, 1, b'1');
INSERT INTO `user_listen_list` VALUES (661, 1494535546, 1, b'1');
INSERT INTO `user_listen_list` VALUES (662, 1493962473, 1, b'1');
INSERT INTO `user_listen_list` VALUES (663, 1496822969, 1, b'1');
INSERT INTO `user_listen_list` VALUES (664, 1496587392, 1, b'1');
INSERT INTO `user_listen_list` VALUES (665, 1466643383, 1, b'1');
INSERT INTO `user_listen_list` VALUES (666, 1498051424, 1, b'1');
INSERT INTO `user_listen_list` VALUES (667, 1498618241, 1, b'1');
INSERT INTO `user_listen_list` VALUES (668, 1490343345, 1, b'1');
INSERT INTO `user_listen_list` VALUES (669, 1498973653, 1, b'1');
INSERT INTO `user_listen_list` VALUES (670, 1498094822, 1, b'1');
INSERT INTO `user_listen_list` VALUES (671, 1492901593, 1, b'1');
INSERT INTO `user_listen_list` VALUES (672, 1498547691, 1, b'1');
INSERT INTO `user_listen_list` VALUES (673, 1495859323, 1, b'1');
INSERT INTO `user_listen_list` VALUES (674, 1496599467, 1, b'1');
INSERT INTO `user_listen_list` VALUES (675, 1496348579, 1, b'1');
INSERT INTO `user_listen_list` VALUES (676, 1498618235, 1, b'1');
INSERT INTO `user_listen_list` VALUES (677, 1493061848, 1, b'1');
INSERT INTO `user_listen_list` VALUES (678, 1499527420, 1, b'1');
INSERT INTO `user_listen_list` VALUES (679, 1498629710, 1, b'1');
INSERT INTO `user_listen_list` VALUES (680, 1496585298, 1, b'1');
INSERT INTO `user_listen_list` VALUES (681, 1493975574, 1, b'1');
INSERT INTO `user_listen_list` VALUES (682, 1498312209, 1, b'1');
INSERT INTO `user_listen_list` VALUES (683, 1499014574, 1, b'1');
INSERT INTO `user_listen_list` VALUES (684, 1492318657, 1, b'1');
INSERT INTO `user_listen_list` VALUES (685, 1486060211, 1, b'1');
INSERT INTO `user_listen_list` VALUES (686, 1497213900, 1, b'1');
INSERT INTO `user_listen_list` VALUES (687, 1494804262, 1, b'1');
INSERT INTO `user_listen_list` VALUES (688, 1492899961, 1, b'1');
INSERT INTO `user_listen_list` VALUES (689, 1493073534, 1, b'1');
INSERT INTO `user_listen_list` VALUES (690, 1494259745, 1, b'1');
INSERT INTO `user_listen_list` VALUES (691, 1499268678, 1, b'1');
INSERT INTO `user_listen_list` VALUES (692, 1496017614, 1, b'1');
INSERT INTO `user_listen_list` VALUES (693, 1498656272, 1, b'1');
INSERT INTO `user_listen_list` VALUES (694, 1495037955, 1, b'1');
INSERT INTO `user_listen_list` VALUES (695, 1496094736, 1, b'1');
INSERT INTO `user_listen_list` VALUES (696, 1496098066, 1, b'1');
INSERT INTO `user_listen_list` VALUES (697, 1497578011, 1, b'1');
INSERT INTO `user_listen_list` VALUES (698, 1499834227, 1, b'1');
INSERT INTO `user_listen_list` VALUES (699, 1492792890, 1, b'1');
INSERT INTO `user_listen_list` VALUES (700, 1497238904, 1, b'1');
INSERT INTO `user_listen_list` VALUES (701, 1496132290, 1, b'1');
INSERT INTO `user_listen_list` VALUES (702, 1493981171, 1, b'1');
INSERT INTO `user_listen_list` VALUES (703, 1475739401, 1, b'1');
INSERT INTO `user_listen_list` VALUES (704, 1498607446, 1, b'1');
INSERT INTO `user_listen_list` VALUES (705, 1490343014, 1, b'1');
INSERT INTO `user_listen_list` VALUES (706, 1497244167, 1, b'1');
INSERT INTO `user_listen_list` VALUES (707, 1491516022, 1, b'1');
INSERT INTO `user_listen_list` VALUES (708, 1496855338, 1, b'1');
INSERT INTO `user_listen_list` VALUES (709, 1495077936, 1, b'1');
INSERT INTO `user_listen_list` VALUES (710, 1499788215, 1, b'1');
INSERT INTO `user_listen_list` VALUES (711, 1496093993, 1, b'1');
INSERT INTO `user_listen_list` VALUES (712, 1496392700, 1, b'1');
INSERT INTO `user_listen_list` VALUES (713, 1494262429, 1, b'1');
INSERT INTO `user_listen_list` VALUES (714, 1496585524, 1, b'1');
INSERT INTO `user_listen_list` VALUES (715, 1499345209, 1, b'1');
INSERT INTO `user_listen_list` VALUES (716, 1495131163, 1, b'1');
INSERT INTO `user_listen_list` VALUES (717, 1496049283, 1, b'1');
INSERT INTO `user_listen_list` VALUES (718, 1490306026, 1, b'1');
INSERT INTO `user_listen_list` VALUES (719, 1495135067, 1, b'1');
INSERT INTO `user_listen_list` VALUES (720, 1499345116, 1, b'1');
INSERT INTO `user_listen_list` VALUES (721, 1490971472, 1, b'1');
INSERT INTO `user_listen_list` VALUES (722, 1492639473, 1, b'1');
INSERT INTO `user_listen_list` VALUES (723, 1490611167, 1, b'1');
INSERT INTO `user_listen_list` VALUES (724, 1496237784, 1, b'1');
INSERT INTO `user_listen_list` VALUES (725, 1499076050, 1, b'1');
INSERT INTO `user_listen_list` VALUES (726, 1492362609, 1, b'1');
INSERT INTO `user_listen_list` VALUES (727, 1493975708, 1, b'1');
INSERT INTO `user_listen_list` VALUES (728, 1492886323, 1, b'1');
INSERT INTO `user_listen_list` VALUES (729, 1499848478, 1, b'1');
INSERT INTO `user_listen_list` VALUES (730, 1498563622, 1, b'1');
INSERT INTO `user_listen_list` VALUES (731, 1494941747, 1, b'1');
INSERT INTO `user_listen_list` VALUES (732, 1499462445, 1, b'1');
INSERT INTO `user_listen_list` VALUES (733, 1499596142, 1, b'1');
INSERT INTO `user_listen_list` VALUES (734, 1498595945, 1, b'1');
INSERT INTO `user_listen_list` VALUES (735, 1497007914, 1, b'1');
INSERT INTO `user_listen_list` VALUES (736, 1496602635, 1, b'1');
INSERT INTO `user_listen_list` VALUES (737, 1496833377, 1, b'1');
INSERT INTO `user_listen_list` VALUES (738, 1492319432, 1, b'1');
INSERT INTO `user_listen_list` VALUES (739, 1499989691, 1, b'1');
INSERT INTO `user_listen_list` VALUES (740, 1498623045, 1, b'1');
INSERT INTO `user_listen_list` VALUES (741, 1496822949, 1, b'1');
INSERT INTO `user_listen_list` VALUES (742, 1498633251, 1, b'1');
INSERT INTO `user_listen_list` VALUES (743, 1488737309, 1, b'1');
INSERT INTO `user_listen_list` VALUES (744, 1493083969, 1, b'1');
INSERT INTO `user_listen_list` VALUES (745, 1494738691, 1, b'1');
INSERT INTO `user_listen_list` VALUES (746, 1496602290, 1, b'1');
INSERT INTO `user_listen_list` VALUES (747, 1498312483, 1, b'1');
INSERT INTO `user_listen_list` VALUES (748, 1492049185, 1, b'1');
INSERT INTO `user_listen_list` VALUES (749, 1499596038, 1, b'1');
INSERT INTO `user_listen_list` VALUES (750, 1497799734, 1, b'1');
INSERT INTO `user_listen_list` VALUES (751, 1498342485, 1, b'1');
INSERT INTO `user_listen_list` VALUES (752, 1495058484, 1, b'1');
INSERT INTO `user_listen_list` VALUES (753, 1403449170, 1, b'0');
INSERT INTO `user_listen_list` VALUES (754, 28718073, 1, b'0');
INSERT INTO `user_listen_list` VALUES (755, 1903500732, 1, b'0');
INSERT INTO `user_listen_list` VALUES (756, 1868471553, 1, b'0');
INSERT INTO `user_listen_list` VALUES (757, 1868678040, 1, b'0');
INSERT INTO `user_listen_list` VALUES (758, 1441226072, 1, b'0');
INSERT INTO `user_listen_list` VALUES (759, 444267215, 1, b'0');
INSERT INTO `user_listen_list` VALUES (760, 1844446555, 1, b'0');
INSERT INTO `user_listen_list` VALUES (761, 1391638771, 1, b'0');
INSERT INTO `user_listen_list` VALUES (762, 30870608, 1, b'0');
INSERT INTO `user_listen_list` VALUES (763, 1388334766, 1, b'0');
INSERT INTO `user_listen_list` VALUES (764, 1379410256, 1, b'0');
INSERT INTO `user_listen_list` VALUES (765, 1293951677, 1, b'0');
INSERT INTO `user_listen_list` VALUES (766, 1374445862, 1, b'0');
INSERT INTO `user_listen_list` VALUES (767, 1840503519, 1, b'0');
INSERT INTO `user_listen_list` VALUES (768, 364155, 1, b'0');
INSERT INTO `user_listen_list` VALUES (769, 1401695661, 1, b'0');
INSERT INTO `user_listen_list` VALUES (770, 1410824753, 1, b'0');
INSERT INTO `user_listen_list` VALUES (771, 1382596189, 1, b'0');
INSERT INTO `user_listen_list` VALUES (772, 1369373252, 1, b'0');
INSERT INTO `user_listen_list` VALUES (773, 1357816405, 1, b'0');
INSERT INTO `user_listen_list` VALUES (774, 534540206, 1, b'0');
INSERT INTO `user_listen_list` VALUES (775, 1296558091, 1, b'0');
INSERT INTO `user_listen_list` VALUES (776, 25713022, 1, b'0');
INSERT INTO `user_listen_list` VALUES (777, 1425786950, 1, b'0');
INSERT INTO `user_listen_list` VALUES (778, 31421443, 1, b'0');
INSERT INTO `user_listen_list` VALUES (779, 516323185, 1, b'0');
INSERT INTO `user_listen_list` VALUES (780, 28481189, 1, b'0');
INSERT INTO `user_listen_list` VALUES (781, 28018075, 1, b'0');
INSERT INTO `user_listen_list` VALUES (782, 108390, 1, b'0');
INSERT INTO `user_listen_list` VALUES (783, 108557, 1, b'0');
INSERT INTO `user_listen_list` VALUES (784, 1354477202, 1, b'0');
INSERT INTO `user_listen_list` VALUES (785, 176093, 1, b'0');
INSERT INTO `user_listen_list` VALUES (786, 296837, 1, b'0');
INSERT INTO `user_listen_list` VALUES (787, 562594267, 1, b'0');
INSERT INTO `user_listen_list` VALUES (788, 548556306, 1, b'0');
INSERT INTO `user_listen_list` VALUES (789, 1421256202, 1, b'0');
INSERT INTO `user_listen_list` VALUES (790, 474739467, 1, b'0');
INSERT INTO `user_listen_list` VALUES (791, 1352968308, 1, b'0');
INSERT INTO `user_listen_list` VALUES (792, 5260494, 1, b'0');
INSERT INTO `user_listen_list` VALUES (793, 1377078201, 1, b'0');
INSERT INTO `user_listen_list` VALUES (794, 1408901673, 1, b'0');
INSERT INTO `user_listen_list` VALUES (795, 1362247767, 1, b'0');
INSERT INTO `user_listen_list` VALUES (796, 233974, 1, b'0');
INSERT INTO `user_listen_list` VALUES (797, 26584442, 1, b'0');
INSERT INTO `user_listen_list` VALUES (798, 1381794809, 1, b'0');
INSERT INTO `user_listen_list` VALUES (799, 1366506904, 1, b'0');
INSERT INTO `user_listen_list` VALUES (800, 542690276, 1, b'0');
INSERT INTO `user_listen_list` VALUES (801, 29947420, 1, b'0');
INSERT INTO `user_listen_list` VALUES (802, 557581476, 1, b'0');
INSERT INTO `user_listen_list` VALUES (803, 25643291, 1, b'0');
INSERT INTO `user_listen_list` VALUES (804, 448317566, 1, b'0');
INSERT INTO `user_listen_list` VALUES (805, 566442496, 1, b'0');
INSERT INTO `user_listen_list` VALUES (806, 417250673, 1, b'0');
INSERT INTO `user_listen_list` VALUES (807, 865040131, 1, b'0');
INSERT INTO `user_listen_list` VALUES (808, 1436067153, 1, b'0');
INSERT INTO `user_listen_list` VALUES (809, 1430232546, 1, b'0');
INSERT INTO `user_listen_list` VALUES (810, 1399705453, 1, b'0');
INSERT INTO `user_listen_list` VALUES (811, 1313558186, 1, b'0');
INSERT INTO `user_listen_list` VALUES (812, 1412179297, 1, b'0');
INSERT INTO `user_listen_list` VALUES (813, 34229976, 1, b'0');
INSERT INTO `user_listen_list` VALUES (814, 490407216, 1, b'0');
INSERT INTO `user_listen_list` VALUES (815, 475530855, 1, b'0');
INSERT INTO `user_listen_list` VALUES (816, 1438865780, 1, b'0');
INSERT INTO `user_listen_list` VALUES (817, 1379464883, 1, b'0');
INSERT INTO `user_listen_list` VALUES (818, 864100191, 1, b'0');
INSERT INTO `user_listen_list` VALUES (819, 522767500, 1, b'0');
INSERT INTO `user_listen_list` VALUES (820, 1437763206, 1, b'0');
INSERT INTO `user_listen_list` VALUES (821, 1443086859, 1, b'0');
INSERT INTO `user_listen_list` VALUES (822, 1439100122, 1, b'0');
INSERT INTO `user_listen_list` VALUES (823, 1431835836, 1, b'0');
INSERT INTO `user_listen_list` VALUES (824, 1433810796, 1, b'0');
INSERT INTO `user_listen_list` VALUES (825, 1379464077, 1, b'0');
INSERT INTO `user_listen_list` VALUES (826, 22834906, 1, b'0');
INSERT INTO `user_listen_list` VALUES (827, 1817035867, 1, b'0');
INSERT INTO `user_listen_list` VALUES (828, 1831190552, 1, b'0');
INSERT INTO `user_listen_list` VALUES (829, 1438620842, 1, b'0');
INSERT INTO `user_listen_list` VALUES (830, 1440134549, 1, b'0');
INSERT INTO `user_listen_list` VALUES (831, 1817698546, 1, b'0');
INSERT INTO `user_listen_list` VALUES (832, 1351551838, 1, b'0');
INSERT INTO `user_listen_list` VALUES (833, 1372796676, 1, b'0');
INSERT INTO `user_listen_list` VALUES (834, 1822196365, 1, b'0');
INSERT INTO `user_listen_list` VALUES (835, 1367368790, 1, b'0');
INSERT INTO `user_listen_list` VALUES (836, 1431145777, 1, b'0');
INSERT INTO `user_listen_list` VALUES (837, 1419407098, 1, b'0');
INSERT INTO `user_listen_list` VALUES (838, 1810579036, 1, b'0');
INSERT INTO `user_listen_list` VALUES (839, 413812448, 1, b'0');
INSERT INTO `user_listen_list` VALUES (840, 1868863143, 1, b'0');
INSERT INTO `user_listen_list` VALUES (841, 1854390643, 1, b'0');
INSERT INTO `user_listen_list` VALUES (842, 1406279332, 1, b'0');
INSERT INTO `user_listen_list` VALUES (843, 1858166335, 1, b'0');
INSERT INTO `user_listen_list` VALUES (844, 1844532735, 1, b'0');
INSERT INTO `user_listen_list` VALUES (845, 1858673846, 1, b'0');
INSERT INTO `user_listen_list` VALUES (846, 1858456215, 1, b'0');
INSERT INTO `user_listen_list` VALUES (847, 453268514, 1, b'0');
INSERT INTO `user_listen_list` VALUES (848, 1883924620, 1, b'0');
INSERT INTO `user_listen_list` VALUES (849, 1848267610, 1, b'0');
INSERT INTO `user_listen_list` VALUES (850, 1882721587, 1, b'0');
INSERT INTO `user_listen_list` VALUES (851, 1881826442, 1, b'0');
INSERT INTO `user_listen_list` VALUES (852, 1873906477, 1, b'0');
INSERT INTO `user_listen_list` VALUES (853, 1475091192, 1, b'0');
INSERT INTO `user_listen_list` VALUES (854, 33887645, 1, b'0');
INSERT INTO `user_listen_list` VALUES (855, 1903603228, 1, b'0');
INSERT INTO `user_listen_list` VALUES (856, 1387592437, 1, b'0');
INSERT INTO `user_listen_list` VALUES (857, 1903642147, 1, b'0');
INSERT INTO `user_listen_list` VALUES (858, 1871883831, 1, b'0');
INSERT INTO `user_listen_list` VALUES (859, 1872354625, 1, b'0');
INSERT INTO `user_listen_list` VALUES (860, 1399108142, 1, b'0');
INSERT INTO `user_listen_list` VALUES (861, 1871871691, 1, b'0');
INSERT INTO `user_listen_list` VALUES (862, 298213, 1, b'0');
INSERT INTO `user_listen_list` VALUES (863, 28937926, 1, b'0');
INSERT INTO `user_listen_list` VALUES (864, 460578140, 1, b'0');
INSERT INTO `user_listen_list` VALUES (865, 516728102, 1, b'0');
INSERT INTO `user_listen_list` VALUES (866, 3935139, 1, b'0');
INSERT INTO `user_listen_list` VALUES (867, 28263911, 1, b'0');
INSERT INTO `user_listen_list` VALUES (868, 1374086946, 1, b'0');
INSERT INTO `user_listen_list` VALUES (869, 1343311848, 1, b'0');
INSERT INTO `user_listen_list` VALUES (870, 1357927708, 1, b'0');
INSERT INTO `user_listen_list` VALUES (871, 25788001, 1, b'0');
INSERT INTO `user_listen_list` VALUES (872, 452601948, 1, b'0');
INSERT INTO `user_listen_list` VALUES (873, 1817636329, 1, b'0');
INSERT INTO `user_listen_list` VALUES (874, 1296833312, 1, b'0');
INSERT INTO `user_listen_list` VALUES (875, 1450574147, 1, b'0');
INSERT INTO `user_listen_list` VALUES (876, 1389068435, 1, b'0');
INSERT INTO `user_listen_list` VALUES (877, 1420972017, 1, b'0');
INSERT INTO `user_listen_list` VALUES (878, 1382411575, 1, b'0');
INSERT INTO `user_listen_list` VALUES (879, 435288399, 1, b'0');
INSERT INTO `user_listen_list` VALUES (880, 1384999802, 1, b'0');
INSERT INTO `user_listen_list` VALUES (881, 1333264363, 1, b'0');
INSERT INTO `user_listen_list` VALUES (882, 536701628, 1, b'0');
INSERT INTO `user_listen_list` VALUES (883, 1407214897, 1, b'0');
INSERT INTO `user_listen_list` VALUES (884, 1415453081, 1, b'0');
INSERT INTO `user_listen_list` VALUES (885, 1434980678, 1, b'0');
INSERT INTO `user_listen_list` VALUES (886, 864647494, 1, b'0');
INSERT INTO `user_listen_list` VALUES (887, 1306459970, 1, b'0');
INSERT INTO `user_listen_list` VALUES (888, 1441042593, 1, b'0');
INSERT INTO `user_listen_list` VALUES (889, 1415430342, 1, b'0');
INSERT INTO `user_listen_list` VALUES (890, 483671599, 1, b'0');
INSERT INTO `user_listen_list` VALUES (891, 1429705980, 1, b'0');
INSERT INTO `user_listen_list` VALUES (892, 36270426, 1, b'0');
INSERT INTO `user_listen_list` VALUES (893, 1467694933, 1, b'0');
INSERT INTO `user_listen_list` VALUES (894, 449818741, 1, b'0');
INSERT INTO `user_listen_list` VALUES (895, 1399413450, 1, b'0');
INSERT INTO `user_listen_list` VALUES (896, 1331977945, 1, b'0');
INSERT INTO `user_listen_list` VALUES (897, 1446673879, 1, b'0');
INSERT INTO `user_listen_list` VALUES (898, 1353785994, 1, b'0');
INSERT INTO `user_listen_list` VALUES (899, 1299550532, 1, b'0');
INSERT INTO `user_listen_list` VALUES (900, 1385367710, 1, b'0');
INSERT INTO `user_listen_list` VALUES (901, 1435177840, 1, b'0');
INSERT INTO `user_listen_list` VALUES (902, 553815178, 1, b'0');
INSERT INTO `user_listen_list` VALUES (903, 1413748243, 1, b'0');
INSERT INTO `user_listen_list` VALUES (904, 28232019, 1, b'0');
INSERT INTO `user_listen_list` VALUES (905, 573168813, 1, b'0');
INSERT INTO `user_listen_list` VALUES (906, 1408340833, 1, b'0');
INSERT INTO `user_listen_list` VALUES (907, 1361391790, 1, b'0');
INSERT INTO `user_listen_list` VALUES (908, 1399706232, 1, b'0');
INSERT INTO `user_listen_list` VALUES (909, 1397835514, 1, b'0');
INSERT INTO `user_listen_list` VALUES (910, 1429805487, 1, b'0');
INSERT INTO `user_listen_list` VALUES (911, 1408713927, 1, b'0');
INSERT INTO `user_listen_list` VALUES (912, 412911436, 1, b'0');
INSERT INTO `user_listen_list` VALUES (913, 1432968475, 1, b'0');
INSERT INTO `user_listen_list` VALUES (914, 1385408332, 1, b'0');
INSERT INTO `user_listen_list` VALUES (915, 1371939273, 1, b'0');
INSERT INTO `user_listen_list` VALUES (916, 1428214622, 1, b'0');
INSERT INTO `user_listen_list` VALUES (917, 1435518993, 1, b'0');
INSERT INTO `user_listen_list` VALUES (918, 1460516815, 1, b'0');
INSERT INTO `user_listen_list` VALUES (919, 1466965338, 1, b'0');
INSERT INTO `user_listen_list` VALUES (920, 1366388726, 1, b'0');
INSERT INTO `user_listen_list` VALUES (921, 1851264848, 1, b'0');
INSERT INTO `user_listen_list` VALUES (922, 1396568386, 1, b'0');
INSERT INTO `user_listen_list` VALUES (923, 1416959905, 1, b'0');
INSERT INTO `user_listen_list` VALUES (924, 1416479690, 1, b'0');
INSERT INTO `user_listen_list` VALUES (925, 574919767, 1, b'0');
INSERT INTO `user_listen_list` VALUES (926, 1418316824, 1, b'0');
INSERT INTO `user_listen_list` VALUES (927, 458725081, 1, b'0');
INSERT INTO `user_listen_list` VALUES (928, 1399335349, 1, b'0');
INSERT INTO `user_listen_list` VALUES (929, 28718313, 1, b'0');
INSERT INTO `user_listen_list` VALUES (930, 448317040, 1, b'0');
INSERT INTO `user_listen_list` VALUES (931, 1426068852, 1, b'0');
INSERT INTO `user_listen_list` VALUES (932, 1422719929, 1, b'0');
INSERT INTO `user_listen_list` VALUES (933, 1430542399, 1, b'0');
INSERT INTO `user_listen_list` VALUES (934, 863104636, 1, b'0');
INSERT INTO `user_listen_list` VALUES (935, 1448504335, 1, b'0');
INSERT INTO `user_listen_list` VALUES (936, 1433434738, 1, b'0');
INSERT INTO `user_listen_list` VALUES (937, 547105576, 1, b'0');
INSERT INTO `user_listen_list` VALUES (938, 1432225735, 1, b'0');
INSERT INTO `user_listen_list` VALUES (939, 1380022214, 1, b'0');
INSERT INTO `user_listen_list` VALUES (940, 28593175, 1, b'0');
INSERT INTO `user_listen_list` VALUES (941, 32507703, 1, b'0');
INSERT INTO `user_listen_list` VALUES (942, 28631330, 1, b'0');
INSERT INTO `user_listen_list` VALUES (943, 428599529, 1, b'0');
INSERT INTO `user_listen_list` VALUES (944, 1376140391, 1, b'0');
INSERT INTO `user_listen_list` VALUES (945, 527601001, 1, b'0');
INSERT INTO `user_listen_list` VALUES (946, 1398909242, 1, b'0');
INSERT INTO `user_listen_list` VALUES (947, 1387387040, 1, b'0');
INSERT INTO `user_listen_list` VALUES (948, 1377129955, 1, b'0');
INSERT INTO `user_listen_list` VALUES (949, 454035505, 1, b'0');
INSERT INTO `user_listen_list` VALUES (950, 557667045, 1, b'0');
INSERT INTO `user_listen_list` VALUES (951, 1348554214, 1, b'0');
INSERT INTO `user_listen_list` VALUES (952, 28832054, 1, b'0');
INSERT INTO `user_listen_list` VALUES (953, 427614803, 1, b'0');
INSERT INTO `user_listen_list` VALUES (954, 28923131, 1, b'0');
INSERT INTO `user_listen_list` VALUES (955, 497168582, 1, b'0');
INSERT INTO `user_listen_list` VALUES (956, 108263, 1, b'0');
INSERT INTO `user_listen_list` VALUES (957, 4257618, 1, b'0');
INSERT INTO `user_listen_list` VALUES (958, 552194857, 1, b'0');
INSERT INTO `user_listen_list` VALUES (959, 1359399646, 1, b'0');
INSERT INTO `user_listen_list` VALUES (960, 1382666583, 1, b'0');
INSERT INTO `user_listen_list` VALUES (961, 186724, 1, b'0');
INSERT INTO `user_listen_list` VALUES (962, 1359156131, 1, b'0');
INSERT INTO `user_listen_list` VALUES (963, 1350852757, 1, b'0');
INSERT INTO `user_listen_list` VALUES (964, 31654479, 1, b'0');
INSERT INTO `user_listen_list` VALUES (965, 32451809, 1, b'0');
INSERT INTO `user_listen_list` VALUES (966, 518763803, 1, b'0');
INSERT INTO `user_listen_list` VALUES (967, 456185577, 1, b'0');
INSERT INTO `user_listen_list` VALUES (968, 28208212, 1, b'0');
INSERT INTO `user_listen_list` VALUES (969, 1334363758, 1, b'0');
INSERT INTO `user_listen_list` VALUES (970, 4017240, 1, b'0');
INSERT INTO `user_listen_list` VALUES (971, 1357662654, 1, b'0');
INSERT INTO `user_listen_list` VALUES (972, 450675471, 1, b'0');
INSERT INTO `user_listen_list` VALUES (973, 1301027901, 1, b'0');
INSERT INTO `user_listen_list` VALUES (974, 421423808, 1, b'0');
INSERT INTO `user_listen_list` VALUES (975, 1297498908, 1, b'0');
INSERT INTO `user_listen_list` VALUES (976, 1386946637, 1, b'0');
INSERT INTO `user_listen_list` VALUES (977, 19067286, 1, b'0');
INSERT INTO `user_listen_list` VALUES (978, 1346104327, 1, b'0');
INSERT INTO `user_listen_list` VALUES (979, 1448183660, 1, b'0');
INSERT INTO `user_listen_list` VALUES (980, 92939, 1, b'0');
INSERT INTO `user_listen_list` VALUES (981, 5137277, 1, b'0');
INSERT INTO `user_listen_list` VALUES (982, 1367452194, 1, b'0');
INSERT INTO `user_listen_list` VALUES (983, 423228325, 1, b'0');
INSERT INTO `user_listen_list` VALUES (984, 513791211, 1, b'0');
INSERT INTO `user_listen_list` VALUES (985, 526464293, 1, b'0');
INSERT INTO `user_listen_list` VALUES (986, 1334647784, 1, b'0');
INSERT INTO `user_listen_list` VALUES (987, 308353, 1, b'0');
INSERT INTO `user_listen_list` VALUES (988, 1316563427, 1, b'0');
INSERT INTO `user_listen_list` VALUES (989, 864647456, 1, b'0');
INSERT INTO `user_listen_list` VALUES (990, 439121233, 1, b'0');
INSERT INTO `user_listen_list` VALUES (991, 187672, 1, b'0');
INSERT INTO `user_listen_list` VALUES (992, 406072775, 1, b'0');
INSERT INTO `user_listen_list` VALUES (993, 366577, 1, b'0');
INSERT INTO `user_listen_list` VALUES (994, 31081299, 1, b'0');
INSERT INTO `user_listen_list` VALUES (995, 473817398, 1, b'0');
INSERT INTO `user_listen_list` VALUES (996, 37653063, 1, b'0');
INSERT INTO `user_listen_list` VALUES (997, 30431376, 1, b'0');
INSERT INTO `user_listen_list` VALUES (998, 1380720351, 1, b'0');
INSERT INTO `user_listen_list` VALUES (999, 1336856864, 1, b'0');
INSERT INTO `user_listen_list` VALUES (1000, 316686, 1, b'0');
INSERT INTO `user_listen_list` VALUES (1001, 812400, 1, b'0');
INSERT INTO `user_listen_list` VALUES (1002, 1344897943, 1, b'0');
INSERT INTO `user_listen_list` VALUES (1003, 346069, 1, b'0');
INSERT INTO `user_listen_list` VALUES (1004, 543798652, 1, b'0');
INSERT INTO `user_listen_list` VALUES (1005, 440353010, 1, b'0');
INSERT INTO `user_listen_list` VALUES (1006, 28864241, 1, b'0');
INSERT INTO `user_listen_list` VALUES (1007, 480426313, 1, b'0');
INSERT INTO `user_listen_list` VALUES (1008, 1368130091, 1, b'0');
INSERT INTO `user_listen_list` VALUES (1009, 1367213091, 1, b'0');
INSERT INTO `user_listen_list` VALUES (1010, 485612576, 1, b'0');
INSERT INTO `user_listen_list` VALUES (1011, 29814898, 1, b'0');
INSERT INTO `user_listen_list` VALUES (1012, 1303019637, 1, b'0');
INSERT INTO `user_listen_list` VALUES (1013, 1340543218, 1, b'0');
INSERT INTO `user_listen_list` VALUES (1014, 401249910, 1, b'0');
INSERT INTO `user_listen_list` VALUES (1015, 31356499, 1, b'0');
INSERT INTO `user_listen_list` VALUES (1016, 29009655, 1, b'0');
INSERT INTO `user_listen_list` VALUES (1017, 32019002, 1, b'0');
INSERT INTO `user_listen_list` VALUES (1018, 864100958, 1, b'0');
INSERT INTO `user_listen_list` VALUES (1019, 2919622, 1, b'0');
INSERT INTO `user_listen_list` VALUES (1020, 1371427950, 1, b'0');
INSERT INTO `user_listen_list` VALUES (1021, 543987451, 1, b'0');
INSERT INTO `user_listen_list` VALUES (1022, 30352891, 1, b'0');
INSERT INTO `user_listen_list` VALUES (1023, 424264505, 1, b'0');
INSERT INTO `user_listen_list` VALUES (1024, 86363, 1, b'0');
INSERT INTO `user_listen_list` VALUES (1025, 1308818967, 1, b'0');
INSERT INTO `user_listen_list` VALUES (1026, 436514312, 1, b'0');
INSERT INTO `user_listen_list` VALUES (1027, 132975, 1, b'0');
INSERT INTO `user_listen_list` VALUES (1028, 1367374315, 1, b'0');
INSERT INTO `user_listen_list` VALUES (1029, 523251118, 1, b'0');
INSERT INTO `user_listen_list` VALUES (1030, 1900190434, 1, b'0');
INSERT INTO `user_listen_list` VALUES (1031, 552145020, 1, b'0');
INSERT INTO `user_listen_list` VALUES (1032, 27759600, 1, b'0');
INSERT INTO `user_listen_list` VALUES (1033, 468176711, 1, b'0');
INSERT INTO `user_listen_list` VALUES (1034, 531295576, 1, b'0');
INSERT INTO `user_listen_list` VALUES (1035, 114369, 1, b'0');
INSERT INTO `user_listen_list` VALUES (1036, 496370620, 1, b'0');
INSERT INTO `user_listen_list` VALUES (1037, 529668356, 1, b'0');
INSERT INTO `user_listen_list` VALUES (1038, 505449407, 1, b'0');
INSERT INTO `user_listen_list` VALUES (1039, 1325905146, 1, b'0');
INSERT INTO `user_listen_list` VALUES (1040, 167975, 1, b'0');
INSERT INTO `user_listen_list` VALUES (1041, 191528, 1, b'0');
INSERT INTO `user_listen_list` VALUES (1042, 39224884, 1, b'0');
INSERT INTO `user_listen_list` VALUES (1043, 445665094, 1, b'0');
INSERT INTO `user_listen_list` VALUES (1044, 464863017, 1, b'0');
INSERT INTO `user_listen_list` VALUES (1045, 496869422, 1, b'0');
INSERT INTO `user_listen_list` VALUES (1046, 108795, 1, b'0');
INSERT INTO `user_listen_list` VALUES (1047, 553755659, 1, b'0');
INSERT INTO `user_listen_list` VALUES (1048, 38576323, 1, b'0');
INSERT INTO `user_listen_list` VALUES (1049, 1436709403, 1, b'0');
INSERT INTO `user_listen_list` VALUES (1050, 426291544, 1, b'0');
INSERT INTO `user_listen_list` VALUES (1051, 26060065, 1, b'0');
INSERT INTO `user_listen_list` VALUES (1052, 30953009, 1, b'0');
INSERT INTO `user_listen_list` VALUES (1053, 1367213104, 1, b'0');
INSERT INTO `user_listen_list` VALUES (1054, 569200213, 1, b'0');
INSERT INTO `user_listen_list` VALUES (1055, 108138, 1, b'0');
INSERT INTO `user_listen_list` VALUES (1056, 571338083, 1, b'0');
INSERT INTO `user_listen_list` VALUES (1057, 514761281, 1, b'0');
INSERT INTO `user_listen_list` VALUES (1058, 254574, 1, b'0');
INSERT INTO `user_listen_list` VALUES (1059, 1297742167, 1, b'0');
INSERT INTO `user_listen_list` VALUES (1060, 1325897842, 1, b'0');
INSERT INTO `user_listen_list` VALUES (1061, 31445772, 1, b'0');
INSERT INTO `user_listen_list` VALUES (1062, 36990266, 1, b'0');
INSERT INTO `user_listen_list` VALUES (1063, 421423806, 1, b'0');
INSERT INTO `user_listen_list` VALUES (1064, 417859631, 1, b'0');
INSERT INTO `user_listen_list` VALUES (1065, 479598964, 1, b'0');
INSERT INTO `user_listen_list` VALUES (1066, 1348548292, 1, b'0');
INSERT INTO `user_listen_list` VALUES (1067, 534542079, 1, b'0');
INSERT INTO `user_listen_list` VALUES (1068, 60274, 1, b'0');
INSERT INTO `user_listen_list` VALUES (1069, 1387591255, 1, b'0');
INSERT INTO `user_listen_list` VALUES (1070, 1316921651, 1, b'0');
INSERT INTO `user_listen_list` VALUES (1071, 1433129985, 1, b'0');
INSERT INTO `user_listen_list` VALUES (1072, 436487129, 1, b'0');
INSERT INTO `user_listen_list` VALUES (1073, 1331996746, 1, b'0');
INSERT INTO `user_listen_list` VALUES (1074, 139774, 1, b'0');
INSERT INTO `user_listen_list` VALUES (1075, 410654865, 1, b'0');
INSERT INTO `user_listen_list` VALUES (1076, 25718007, 1, b'0');
INSERT INTO `user_listen_list` VALUES (1077, 528326686, 1, b'0');
INSERT INTO `user_listen_list` VALUES (1078, 536099160, 1, b'0');
INSERT INTO `user_listen_list` VALUES (1079, 451703096, 1, b'0');
INSERT INTO `user_listen_list` VALUES (1080, 1334295185, 1, b'0');
INSERT INTO `user_listen_list` VALUES (1081, 86369, 1, b'0');
INSERT INTO `user_listen_list` VALUES (1082, 418602088, 1, b'0');
INSERT INTO `user_listen_list` VALUES (1083, 515269424, 1, b'0');
INSERT INTO `user_listen_list` VALUES (1084, 487885426, 1, b'0');
INSERT INTO `user_listen_list` VALUES (1085, 38592976, 1, b'0');
INSERT INTO `user_listen_list` VALUES (1086, 1344814341, 1, b'0');
INSERT INTO `user_listen_list` VALUES (1087, 1358003719, 1, b'0');
INSERT INTO `user_listen_list` VALUES (1088, 440208476, 1, b'0');
INSERT INTO `user_listen_list` VALUES (1089, 29759733, 1, b'0');
INSERT INTO `user_listen_list` VALUES (1090, 557584888, 1, b'0');
INSERT INTO `user_listen_list` VALUES (1091, 1367867672, 1, b'0');
INSERT INTO `user_listen_list` VALUES (1092, 406475394, 1, b'0');
INSERT INTO `user_listen_list` VALUES (1093, 480580003, 1, b'0');
INSERT INTO `user_listen_list` VALUES (1094, 461347998, 1, b'0');
INSERT INTO `user_listen_list` VALUES (1095, 1338695683, 1, b'0');
INSERT INTO `user_listen_list` VALUES (1096, 1328146041, 1, b'0');
INSERT INTO `user_listen_list` VALUES (1097, 515453363, 1, b'0');
INSERT INTO `user_listen_list` VALUES (1098, 208902, 1, b'0');
INSERT INTO `user_listen_list` VALUES (1099, 1347181386, 1, b'0');
INSERT INTO `user_listen_list` VALUES (1100, 28285910, 1, b'0');
INSERT INTO `user_listen_list` VALUES (1101, 1325896149, 1, b'0');
INSERT INTO `user_listen_list` VALUES (1102, 1365898499, 1, b'0');
INSERT INTO `user_listen_list` VALUES (1103, 4875075, 1, b'0');
INSERT INTO `user_listen_list` VALUES (1104, 1365393542, 1, b'0');
INSERT INTO `user_listen_list` VALUES (1105, 513360721, 1, b'0');
INSERT INTO `user_listen_list` VALUES (1106, 1293886117, 1, b'0');
INSERT INTO `user_listen_list` VALUES (1107, 569213220, 1, b'0');
INSERT INTO `user_listen_list` VALUES (1108, 1355147933, 1, b'0');
INSERT INTO `user_listen_list` VALUES (1109, 29004400, 1, b'0');
INSERT INTO `user_listen_list` VALUES (1110, 1330348068, 1, b'0');
INSERT INTO `user_listen_list` VALUES (1111, 1335350269, 1, b'0');
INSERT INTO `user_listen_list` VALUES (1112, 536622304, 1, b'0');
INSERT INTO `user_listen_list` VALUES (1113, 1356499052, 1, b'0');
INSERT INTO `user_listen_list` VALUES (1114, 28111646, 1, b'0');
INSERT INTO `user_listen_list` VALUES (1115, 441491828, 1, b'0');
INSERT INTO `user_listen_list` VALUES (1116, 1365503354, 1, b'0');
INSERT INTO `user_listen_list` VALUES (1117, 574566207, 1, b'0');
INSERT INTO `user_listen_list` VALUES (1118, 1361988914, 1, b'0');
INSERT INTO `user_listen_list` VALUES (1119, 1366957080, 1, b'0');
INSERT INTO `user_listen_list` VALUES (1120, 1315718569, 1, b'0');
INSERT INTO `user_listen_list` VALUES (1121, 1365221826, 1, b'0');
INSERT INTO `user_listen_list` VALUES (1122, 1379628076, 1, b'0');
INSERT INTO `user_listen_list` VALUES (1123, 522444650, 1, b'0');
INSERT INTO `user_listen_list` VALUES (1124, 1381357435, 1, b'0');
INSERT INTO `user_listen_list` VALUES (1125, 1314777725, 1, b'0');
INSERT INTO `user_listen_list` VALUES (1126, 526464145, 1, b'0');
INSERT INTO `user_listen_list` VALUES (1127, 1386079916, 1, b'0');
INSERT INTO `user_listen_list` VALUES (1128, 437909145, 1, b'0');
INSERT INTO `user_listen_list` VALUES (1129, 1363205817, 1, b'0');
INSERT INTO `user_listen_list` VALUES (1130, 1397117780, 1, b'0');
INSERT INTO `user_listen_list` VALUES (1131, 1320100120, 1, b'0');
INSERT INTO `user_listen_list` VALUES (1132, 1353428264, 1, b'0');
INSERT INTO `user_listen_list` VALUES (1133, 30431364, 1, b'0');
INSERT INTO `user_listen_list` VALUES (1134, 31789010, 1, b'0');
INSERT INTO `user_listen_list` VALUES (1135, 1371094770, 1, b'0');
INSERT INTO `user_listen_list` VALUES (1136, 1386056380, 1, b'0');
INSERT INTO `user_listen_list` VALUES (1137, 1383219381, 1, b'0');
INSERT INTO `user_listen_list` VALUES (1138, 444803864, 1, b'0');
INSERT INTO `user_listen_list` VALUES (1139, 475072054, 1, b'0');
INSERT INTO `user_listen_list` VALUES (1140, 1368371706, 1, b'0');
INSERT INTO `user_listen_list` VALUES (1141, 25727803, 1, b'0');
INSERT INTO `user_listen_list` VALUES (1142, 553479159, 1, b'0');
INSERT INTO `user_listen_list` VALUES (1143, 1352002513, 1, b'0');
INSERT INTO `user_listen_list` VALUES (1144, 1377131180, 1, b'0');
INSERT INTO `user_listen_list` VALUES (1145, 562118482, 1, b'0');
INSERT INTO `user_listen_list` VALUES (1146, 1376166020, 1, b'0');
INSERT INTO `user_listen_list` VALUES (1147, 1374051000, 1, b'0');
INSERT INTO `user_listen_list` VALUES (1148, 27515086, 1, b'0');
INSERT INTO `user_listen_list` VALUES (1149, 571338279, 1, b'0');
INSERT INTO `user_listen_list` VALUES (1150, 1383876635, 1, b'0');
INSERT INTO `user_listen_list` VALUES (1151, 1422212205, 1, b'0');
INSERT INTO `user_listen_list` VALUES (1152, 1324159296, 1, b'0');
INSERT INTO `user_listen_list` VALUES (1153, 1374061036, 1, b'0');
INSERT INTO `user_listen_list` VALUES (1154, 1375941658, 1, b'0');
INSERT INTO `user_listen_list` VALUES (1155, 1374766486, 1, b'0');
INSERT INTO `user_listen_list` VALUES (1156, 347230, 1, b'0');
INSERT INTO `user_listen_list` VALUES (1157, 1368327462, 1, b'0');
INSERT INTO `user_listen_list` VALUES (1158, 1383211741, 1, b'0');
INSERT INTO `user_listen_list` VALUES (1159, 1407214788, 1, b'0');
INSERT INTO `user_listen_list` VALUES (1160, 36492681, 1, b'0');
INSERT INTO `user_listen_list` VALUES (1161, 452986458, 1, b'0');
INSERT INTO `user_listen_list` VALUES (1162, 1384941393, 1, b'0');
INSERT INTO `user_listen_list` VALUES (1163, 517446139, 1, b'0');
INSERT INTO `user_listen_list` VALUES (1164, 28391219, 1, b'0');
INSERT INTO `user_listen_list` VALUES (1165, 316486, 1, b'0');
INSERT INTO `user_listen_list` VALUES (1166, 1406809993, 1, b'0');
INSERT INTO `user_listen_list` VALUES (1167, 190072, 1, b'0');
INSERT INTO `user_listen_list` VALUES (1168, 1380262830, 1, b'0');
INSERT INTO `user_listen_list` VALUES (1169, 446557635, 1, b'0');
INSERT INTO `user_listen_list` VALUES (1170, 1383954630, 1, b'0');
INSERT INTO `user_listen_list` VALUES (1171, 1380075991, 1, b'0');
INSERT INTO `user_listen_list` VALUES (1172, 1375935067, 1, b'0');
INSERT INTO `user_listen_list` VALUES (1173, 1384026889, 1, b'0');
INSERT INTO `user_listen_list` VALUES (1174, 442314990, 1, b'0');
INSERT INTO `user_listen_list` VALUES (1175, 1300528275, 1, b'0');
INSERT INTO `user_listen_list` VALUES (1176, 1384570306, 1, b'0');
INSERT INTO `user_listen_list` VALUES (1177, 1313107926, 1, b'0');
INSERT INTO `user_listen_list` VALUES (1178, 1386876006, 1, b'0');
INSERT INTO `user_listen_list` VALUES (1179, 1386055857, 1, b'0');
INSERT INTO `user_listen_list` VALUES (1180, 1374061040, 1, b'0');
INSERT INTO `user_listen_list` VALUES (1181, 1409540467, 1, b'0');
INSERT INTO `user_listen_list` VALUES (1182, 1410794134, 1, b'0');
INSERT INTO `user_listen_list` VALUES (1183, 1387157948, 1, b'0');
INSERT INTO `user_listen_list` VALUES (1184, 1378992201, 1, b'0');
INSERT INTO `user_listen_list` VALUES (1185, 1369601580, 1, b'0');
INSERT INTO `user_listen_list` VALUES (1186, 1347133940, 1, b'0');
INSERT INTO `user_listen_list` VALUES (1187, 1374489910, 1, b'0');
INSERT INTO `user_listen_list` VALUES (1188, 1411718813, 1, b'0');
INSERT INTO `user_listen_list` VALUES (1189, 353066, 1, b'0');
INSERT INTO `user_listen_list` VALUES (1190, 1373168742, 1, b'0');
INSERT INTO `user_listen_list` VALUES (1191, 133998, 1, b'0');
INSERT INTO `user_listen_list` VALUES (1192, 1376142151, 1, b'0');
INSERT INTO `user_listen_list` VALUES (1193, 1374061038, 1, b'0');
INSERT INTO `user_listen_list` VALUES (1194, 29999532, 1, b'0');
INSERT INTO `user_listen_list` VALUES (1195, 1383205688, 1, b'0');
INSERT INTO `user_listen_list` VALUES (1196, 1357999894, 1, b'0');
INSERT INTO `user_listen_list` VALUES (1197, 1417136806, 1, b'0');
INSERT INTO `user_listen_list` VALUES (1198, 1397021895, 1, b'0');
INSERT INTO `user_listen_list` VALUES (1199, 502043537, 1, b'0');
INSERT INTO `user_listen_list` VALUES (1200, 1401482684, 1, b'0');
INSERT INTO `user_listen_list` VALUES (1201, 476659144, 1, b'0');
INSERT INTO `user_listen_list` VALUES (1202, 1405142459, 1, b'0');
INSERT INTO `user_listen_list` VALUES (1203, 386844, 1, b'0');
INSERT INTO `user_listen_list` VALUES (1204, 1377544581, 1, b'0');
INSERT INTO `user_listen_list` VALUES (1205, 1405724760, 1, b'0');
INSERT INTO `user_listen_list` VALUES (1206, 1410154047, 1, b'0');
INSERT INTO `user_listen_list` VALUES (1207, 1410490187, 1, b'0');
INSERT INTO `user_listen_list` VALUES (1208, 1397674264, 1, b'0');
INSERT INTO `user_listen_list` VALUES (1209, 1398283848, 1, b'0');
INSERT INTO `user_listen_list` VALUES (1210, 1427517059, 1, b'0');
INSERT INTO `user_listen_list` VALUES (1211, 28059417, 1, b'0');
INSERT INTO `user_listen_list` VALUES (1212, 1383053049, 1, b'0');
INSERT INTO `user_listen_list` VALUES (1213, 1406526834, 1, b'0');
INSERT INTO `user_listen_list` VALUES (1214, 31721419, 1, b'0');
INSERT INTO `user_listen_list` VALUES (1215, 569214250, 1, b'0');
INSERT INTO `user_listen_list` VALUES (1216, 1408941731, 1, b'0');
INSERT INTO `user_listen_list` VALUES (1217, 566436427, 1, b'0');
INSERT INTO `user_listen_list` VALUES (1218, 1410416506, 1, b'0');
INSERT INTO `user_listen_list` VALUES (1219, 1398513971, 1, b'0');
INSERT INTO `user_listen_list` VALUES (1220, 546722350, 1, b'0');
INSERT INTO `user_listen_list` VALUES (1221, 32835377, 1, b'0');
INSERT INTO `user_listen_list` VALUES (1222, 27890306, 1, b'0');
INSERT INTO `user_listen_list` VALUES (1223, 1411328772, 1, b'0');
INSERT INTO `user_listen_list` VALUES (1224, 1384570303, 1, b'0');
INSERT INTO `user_listen_list` VALUES (1225, 1378945187, 1, b'0');
INSERT INTO `user_listen_list` VALUES (1226, 441618887, 1, b'0');
INSERT INTO `user_listen_list` VALUES (1227, 27959259, 1, b'0');
INSERT INTO `user_listen_list` VALUES (1228, 456175020, 1, b'0');
INSERT INTO `user_listen_list` VALUES (1229, 1449794966, 1, b'0');
INSERT INTO `user_listen_list` VALUES (1230, 1426883824, 1, b'0');
INSERT INTO `user_listen_list` VALUES (1231, 1396141677, 1, b'0');
INSERT INTO `user_listen_list` VALUES (1232, 1358554236, 1, b'0');
INSERT INTO `user_listen_list` VALUES (1233, 465921195, 1, b'0');
INSERT INTO `user_listen_list` VALUES (1234, 541511427, 1, b'0');
INSERT INTO `user_listen_list` VALUES (1235, 1384971398, 1, b'0');
INSERT INTO `user_listen_list` VALUES (1236, 19542337, 1, b'0');
INSERT INTO `user_listen_list` VALUES (1237, 1417082727, 1, b'0');
INSERT INTO `user_listen_list` VALUES (1238, 410801653, 1, b'0');
INSERT INTO `user_listen_list` VALUES (1239, 31010566, 1, b'0');
INSERT INTO `user_listen_list` VALUES (1240, 1373225817, 1, b'0');
INSERT INTO `user_listen_list` VALUES (1241, 465920905, 1, b'0');
INSERT INTO `user_listen_list` VALUES (1242, 1425814935, 1, b'0');
INSERT INTO `user_listen_list` VALUES (1243, 486814412, 1, b'0');
INSERT INTO `user_listen_list` VALUES (1244, 1405135261, 1, b'0');
INSERT INTO `user_listen_list` VALUES (1245, 1401267982, 1, b'0');
INSERT INTO `user_listen_list` VALUES (1246, 175072, 1, b'0');
INSERT INTO `user_listen_list` VALUES (1247, 1383011509, 1, b'0');
INSERT INTO `user_listen_list` VALUES (1248, 1365471710, 1, b'0');
INSERT INTO `user_listen_list` VALUES (1249, 512359195, 1, b'0');
INSERT INTO `user_listen_list` VALUES (1250, 65766, 1, b'0');
INSERT INTO `user_listen_list` VALUES (1251, 1378491298, 1, b'0');
INSERT INTO `user_listen_list` VALUES (1252, 1335580481, 1, b'0');
INSERT INTO `user_listen_list` VALUES (1253, 32835565, 1, b'0');
INSERT INTO `user_listen_list` VALUES (1254, 1363078221, 1, b'0');
INSERT INTO `user_listen_list` VALUES (1255, 1804586180, 1, b'0');
INSERT INTO `user_listen_list` VALUES (1256, 1396162013, 1, b'0');
INSERT INTO `user_listen_list` VALUES (1257, 1804879213, 1, b'0');
INSERT INTO `user_listen_list` VALUES (1258, 1814636483, 1, b'0');
INSERT INTO `user_listen_list` VALUES (1259, 1398283841, 1, b'0');
INSERT INTO `user_listen_list` VALUES (1260, 1301884692, 1, b'0');
INSERT INTO `user_listen_list` VALUES (1261, 1400436688, 1, b'0');
INSERT INTO `user_listen_list` VALUES (1262, 1399533630, 1, b'0');
INSERT INTO `user_listen_list` VALUES (1263, 1341188360, 1, b'0');
INSERT INTO `user_listen_list` VALUES (1264, 1382865496, 1, b'0');
INSERT INTO `user_listen_list` VALUES (1265, 1451145776, 1, b'0');
INSERT INTO `user_listen_list` VALUES (1266, 1372060183, 1, b'0');
INSERT INTO `user_listen_list` VALUES (1267, 1383403530, 1, b'0');
INSERT INTO `user_listen_list` VALUES (1268, 1396073496, 1, b'0');
INSERT INTO `user_listen_list` VALUES (1269, 1406003612, 1, b'0');
INSERT INTO `user_listen_list` VALUES (1270, 418603096, 1, b'0');
INSERT INTO `user_listen_list` VALUES (1271, 208938, 1, b'0');
INSERT INTO `user_listen_list` VALUES (1272, 1335809275, 1, b'0');
INSERT INTO `user_listen_list` VALUES (1273, 1358848433, 1, b'0');
INSERT INTO `user_listen_list` VALUES (1274, 1405327607, 1, b'0');
INSERT INTO `user_listen_list` VALUES (1275, 1456286877, 1, b'0');
INSERT INTO `user_listen_list` VALUES (1276, 527487535, 1, b'0');
INSERT INTO `user_listen_list` VALUES (1277, 1382423403, 1, b'0');
INSERT INTO `user_listen_list` VALUES (1278, 1386259535, 1, b'0');
INSERT INTO `user_listen_list` VALUES (1279, 1408220694, 1, b'0');
INSERT INTO `user_listen_list` VALUES (1280, 1434429128, 1, b'0');
INSERT INTO `user_listen_list` VALUES (1281, 1406642934, 1, b'0');
INSERT INTO `user_listen_list` VALUES (1282, 1421990254, 1, b'0');
INSERT INTO `user_listen_list` VALUES (1283, 1415829224, 1, b'0');
INSERT INTO `user_listen_list` VALUES (1284, 1436910205, 1, b'0');
INSERT INTO `user_listen_list` VALUES (1285, 1449678888, 1, b'0');
INSERT INTO `user_listen_list` VALUES (1286, 1396602869, 1, b'0');
INSERT INTO `user_listen_list` VALUES (1287, 1403250178, 1, b'0');
INSERT INTO `user_listen_list` VALUES (1288, 1343756008, 1, b'0');
INSERT INTO `user_listen_list` VALUES (1289, 1384527426, 1, b'0');
INSERT INTO `user_listen_list` VALUES (1290, 1404511131, 1, b'0');
INSERT INTO `user_listen_list` VALUES (1291, 1459232593, 1, b'0');
INSERT INTO `user_listen_list` VALUES (1292, 5388831, 1, b'0');
INSERT INTO `user_listen_list` VALUES (1293, 1399112638, 1, b'0');
INSERT INTO `user_listen_list` VALUES (1294, 1388357890, 1, b'0');
INSERT INTO `user_listen_list` VALUES (1295, 1385856956, 1, b'0');
INSERT INTO `user_listen_list` VALUES (1296, 1407789605, 1, b'0');
INSERT INTO `user_listen_list` VALUES (1297, 1417120347, 1, b'0');
INSERT INTO `user_listen_list` VALUES (1298, 1452439191, 1, b'0');
INSERT INTO `user_listen_list` VALUES (1299, 1405319676, 1, b'0');
INSERT INTO `user_listen_list` VALUES (1300, 1404906595, 1, b'0');
INSERT INTO `user_listen_list` VALUES (1301, 1417862046, 1, b'0');
INSERT INTO `user_listen_list` VALUES (1302, 1370360020, 1, b'0');
INSERT INTO `user_listen_list` VALUES (1303, 1364343491, 1, b'0');
INSERT INTO `user_listen_list` VALUES (1304, 1448798283, 1, b'0');
INSERT INTO `user_listen_list` VALUES (1305, 1429716422, 1, b'0');
INSERT INTO `user_listen_list` VALUES (1306, 1496602290, 1, b'0');
INSERT INTO `user_listen_list` VALUES (1307, 1406648887, 1, b'0');
INSERT INTO `user_listen_list` VALUES (1308, 1442508316, 1, b'0');
INSERT INTO `user_listen_list` VALUES (1309, 1391891631, 1, b'0');
INSERT INTO `user_listen_list` VALUES (1310, 1455965526, 1, b'0');
INSERT INTO `user_listen_list` VALUES (1311, 1424447865, 1, b'0');
INSERT INTO `user_listen_list` VALUES (1312, 1374056689, 1, b'0');
INSERT INTO `user_listen_list` VALUES (1313, 1479706965, 1, b'0');
INSERT INTO `user_listen_list` VALUES (1314, 536096151, 1, b'0');
INSERT INTO `user_listen_list` VALUES (1315, 1404884182, 1, b'0');
INSERT INTO `user_listen_list` VALUES (1316, 1423241987, 1, b'0');
INSERT INTO `user_listen_list` VALUES (1317, 1462875618, 1, b'0');
INSERT INTO `user_listen_list` VALUES (1318, 1430850573, 1, b'0');
INSERT INTO `user_listen_list` VALUES (1319, 27571483, 1, b'0');
INSERT INTO `user_listen_list` VALUES (1320, 1498342485, 1, b'0');
INSERT INTO `user_listen_list` VALUES (1321, 1360748201, 1, b'0');
INSERT INTO `user_listen_list` VALUES (1322, 26217171, 1, b'0');
INSERT INTO `user_listen_list` VALUES (1323, 1431767744, 1, b'0');
INSERT INTO `user_listen_list` VALUES (1324, 1386460251, 1, b'0');
INSERT INTO `user_listen_list` VALUES (1325, 30500857, 1, b'0');
INSERT INTO `user_listen_list` VALUES (1326, 1487528112, 1, b'0');
INSERT INTO `user_listen_list` VALUES (1327, 1336856449, 1, b'0');
INSERT INTO `user_listen_list` VALUES (1328, 1426112587, 1, b'0');
INSERT INTO `user_listen_list` VALUES (1329, 1805387854, 1, b'0');
INSERT INTO `user_listen_list` VALUES (1330, 426852063, 1, b'0');
INSERT INTO `user_listen_list` VALUES (1331, 1393189946, 1, b'0');
INSERT INTO `user_listen_list` VALUES (1332, 1379456709, 1, b'0');
INSERT INTO `user_listen_list` VALUES (1333, 405599470, 1, b'0');
INSERT INTO `user_listen_list` VALUES (1334, 1803322978, 1, b'0');
INSERT INTO `user_listen_list` VALUES (1335, 157288, 1, b'0');
INSERT INTO `user_listen_list` VALUES (1336, 1370047789, 1, b'0');
INSERT INTO `user_listen_list` VALUES (1337, 571545156, 1, b'0');
INSERT INTO `user_listen_list` VALUES (1338, 1303289043, 1, b'0');
INSERT INTO `user_listen_list` VALUES (1339, 28907016, 1, b'0');
INSERT INTO `user_listen_list` VALUES (1340, 1433562661, 1, b'0');
INSERT INTO `user_listen_list` VALUES (1341, 1484967131, 1, b'0');
INSERT INTO `user_listen_list` VALUES (1342, 550138197, 1, b'0');
INSERT INTO `user_listen_list` VALUES (1343, 1449213110, 1, b'0');
INSERT INTO `user_listen_list` VALUES (1344, 1433338551, 1, b'0');
INSERT INTO `user_listen_list` VALUES (1345, 1405283464, 1, b'0');
INSERT INTO `user_listen_list` VALUES (1346, 1335942780, 1, b'0');
INSERT INTO `user_listen_list` VALUES (1347, 1412672813, 1, b'0');
INSERT INTO `user_listen_list` VALUES (1348, 462769331, 1, b'0');
INSERT INTO `user_listen_list` VALUES (1349, 1323377008, 1, b'0');
INSERT INTO `user_listen_list` VALUES (1350, 1357825630, 1, b'0');
INSERT INTO `user_listen_list` VALUES (1351, 1486983215, 1, b'0');
INSERT INTO `user_listen_list` VALUES (1352, 1396568325, 1, b'0');
INSERT INTO `user_listen_list` VALUES (1353, 504624714, 1, b'0');
INSERT INTO `user_listen_list` VALUES (1354, 1351520305, 1, b'0');
INSERT INTO `user_listen_list` VALUES (1355, 411214279, 1, b'0');
INSERT INTO `user_listen_list` VALUES (1356, 1456673752, 1, b'0');
INSERT INTO `user_listen_list` VALUES (1357, 1374329431, 1, b'0');
INSERT INTO `user_listen_list` VALUES (1358, 554241732, 1, b'0');
INSERT INTO `user_listen_list` VALUES (1359, 1460706496, 1, b'0');
INSERT INTO `user_listen_list` VALUES (1360, 483937795, 1, b'0');
INSERT INTO `user_listen_list` VALUES (1361, 1331819951, 1, b'0');
INSERT INTO `user_listen_list` VALUES (1362, 2308680, 1, b'0');
INSERT INTO `user_listen_list` VALUES (1363, 1418010954, 1, b'0');
INSERT INTO `user_listen_list` VALUES (1364, 29480187, 1, b'0');
INSERT INTO `user_listen_list` VALUES (1365, 407007703, 1, b'0');
INSERT INTO `user_listen_list` VALUES (1366, 27678655, 1, b'0');
INSERT INTO `user_listen_list` VALUES (1367, 1459023707, 1, b'0');
INSERT INTO `user_listen_list` VALUES (1368, 1412242872, 1, b'0');
INSERT INTO `user_listen_list` VALUES (1369, 399353833, 1, b'0');
INSERT INTO `user_listen_list` VALUES (1370, 1497799734, 1, b'0');
INSERT INTO `user_listen_list` VALUES (1371, 1341509284, 1, b'0');
INSERT INTO `user_listen_list` VALUES (1372, 572819430, 1, b'0');
INSERT INTO `user_listen_list` VALUES (1373, 1402592539, 1, b'0');
INSERT INTO `user_listen_list` VALUES (1374, 518781004, 1, b'0');
INSERT INTO `user_listen_list` VALUES (1375, 407839677, 1, b'0');
INSERT INTO `user_listen_list` VALUES (1376, 20953761, 1, b'0');
INSERT INTO `user_listen_list` VALUES (1377, 1303046498, 1, b'0');
INSERT INTO `user_listen_list` VALUES (1378, 1299889486, 1, b'0');
INSERT INTO `user_listen_list` VALUES (1379, 1304716261, 1, b'0');
INSERT INTO `user_listen_list` VALUES (1380, 1460682363, 1, b'0');
INSERT INTO `user_listen_list` VALUES (1381, 1418175693, 1, b'0');
INSERT INTO `user_listen_list` VALUES (1382, 509313150, 1, b'0');
INSERT INTO `user_listen_list` VALUES (1383, 1375514229, 1, b'0');
INSERT INTO `user_listen_list` VALUES (1384, 1353428173, 1, b'0');
INSERT INTO `user_listen_list` VALUES (1385, 1234534, 1, b'0');
INSERT INTO `user_listen_list` VALUES (1386, 18618065, 1, b'0');
INSERT INTO `user_listen_list` VALUES (1387, 1387581250, 1, b'0');
INSERT INTO `user_listen_list` VALUES (1388, 1407551413, 1, b'0');
INSERT INTO `user_listen_list` VALUES (1389, 1376873330, 1, b'0');
INSERT INTO `user_listen_list` VALUES (1390, 1398452463, 1, b'0');
INSERT INTO `user_listen_list` VALUES (1391, 35618549, 1, b'0');
INSERT INTO `user_listen_list` VALUES (1392, 1409329655, 1, b'0');
INSERT INTO `user_listen_list` VALUES (1393, 1413585838, 1, b'0');
INSERT INTO `user_listen_list` VALUES (1394, 1381755293, 1, b'0');
INSERT INTO `user_listen_list` VALUES (1395, 1489342321, 1, b'0');
INSERT INTO `user_listen_list` VALUES (1396, 1494985963, 1, b'0');
INSERT INTO `user_listen_list` VALUES (1397, 493735012, 1, b'0');
INSERT INTO `user_listen_list` VALUES (1398, 1416570735, 1, b'0');
INSERT INTO `user_listen_list` VALUES (1399, 1476239407, 1, b'0');
INSERT INTO `user_listen_list` VALUES (1400, 541687281, 1, b'0');
INSERT INTO `user_listen_list` VALUES (1401, 558071673, 1, b'0');
INSERT INTO `user_listen_list` VALUES (1402, 451126971, 1, b'0');
INSERT INTO `user_listen_list` VALUES (1403, 1300994613, 1, b'0');
INSERT INTO `user_listen_list` VALUES (1404, 1420075778, 1, b'0');
INSERT INTO `user_listen_list` VALUES (1405, 1501447963, 1, b'0');
INSERT INTO `user_listen_list` VALUES (1406, 1431580747, 1, b'0');
INSERT INTO `user_listen_list` VALUES (1407, 1356350562, 1, b'0');
INSERT INTO `user_listen_list` VALUES (1408, 1403318151, 1, b'0');
INSERT INTO `user_listen_list` VALUES (1409, 1334270932, 1, b'0');
INSERT INTO `user_listen_list` VALUES (1410, 1463165983, 1, b'0');
INSERT INTO `user_listen_list` VALUES (1411, 1359356908, 1, b'0');
INSERT INTO `user_listen_list` VALUES (1412, 224086, 1, b'0');
INSERT INTO `user_listen_list` VALUES (1413, 1804585632, 1, b'0');
INSERT INTO `user_listen_list` VALUES (1414, 1904192389, 1, b'0');
INSERT INTO `user_listen_list` VALUES (1415, 1321602273, 1, b'0');
INSERT INTO `user_listen_list` VALUES (1416, 1459950258, 1, b'0');
INSERT INTO `user_listen_list` VALUES (1417, 523250334, 1, b'0');
INSERT INTO `user_listen_list` VALUES (1418, 516076896, 1, b'0');
INSERT INTO `user_listen_list` VALUES (1419, 1482762386, 1, b'0');
INSERT INTO `user_listen_list` VALUES (1420, 1398508295, 1, b'0');
INSERT INTO `user_listen_list` VALUES (1421, 1832381575, 1, b'0');
INSERT INTO `user_listen_list` VALUES (1422, 1453086724, 1, b'0');
INSERT INTO `user_listen_list` VALUES (1423, 476513774, 1, b'0');
INSERT INTO `user_listen_list` VALUES (1424, 1411784809, 1, b'0');
INSERT INTO `user_listen_list` VALUES (1425, 1491221473, 1, b'0');
INSERT INTO `user_listen_list` VALUES (1426, 430114655, 1, b'0');
INSERT INTO `user_listen_list` VALUES (1427, 157276, 1, b'0');
INSERT INTO `user_listen_list` VALUES (1428, 1822761395, 1, b'0');
INSERT INTO `user_listen_list` VALUES (1429, 1807381939, 1, b'0');
INSERT INTO `user_listen_list` VALUES (1430, 1476239783, 1, b'0');
INSERT INTO `user_listen_list` VALUES (1431, 167876, 1, b'0');
INSERT INTO `user_listen_list` VALUES (1432, 1820150409, 1, b'0');
INSERT INTO `user_listen_list` VALUES (1433, 1431666497, 1, b'0');
INSERT INTO `user_listen_list` VALUES (1434, 1365071885, 1, b'0');
INSERT INTO `user_listen_list` VALUES (1435, 1399664349, 1, b'0');
INSERT INTO `user_listen_list` VALUES (1436, 863046037, 1, b'0');
INSERT INTO `user_listen_list` VALUES (1437, 1477850679, 1, b'0');
INSERT INTO `user_listen_list` VALUES (1438, 1438865533, 1, b'0');
INSERT INTO `user_listen_list` VALUES (1439, 31654478, 1, b'0');
INSERT INTO `user_listen_list` VALUES (1440, 1369649924, 1, b'0');
INSERT INTO `user_listen_list` VALUES (1441, 1488780845, 1, b'0');
INSERT INTO `user_listen_list` VALUES (1442, 528478974, 1, b'0');
INSERT INTO `user_listen_list` VALUES (1443, 1341964346, 1, b'0');
INSERT INTO `user_listen_list` VALUES (1444, 165339, 1, b'0');
INSERT INTO `user_listen_list` VALUES (1445, 1349292048, 1, b'0');
INSERT INTO `user_listen_list` VALUES (1446, 1445761206, 1, b'0');
INSERT INTO `user_listen_list` VALUES (1447, 1498523311, 1, b'0');
INSERT INTO `user_listen_list` VALUES (1448, 1434062381, 1, b'0');
INSERT INTO `user_listen_list` VALUES (1449, 1501715251, 1, b'0');
INSERT INTO `user_listen_list` VALUES (1450, 1816962144, 1, b'0');
INSERT INTO `user_listen_list` VALUES (1451, 1810021934, 1, b'0');
INSERT INTO `user_listen_list` VALUES (1452, 1336856777, 1, b'0');
INSERT INTO `user_listen_list` VALUES (1453, 573615289, 1, b'0');
INSERT INTO `user_listen_list` VALUES (1454, 1814896426, 1, b'0');
INSERT INTO `user_listen_list` VALUES (1455, 1345848098, 1, b'0');
INSERT INTO `user_listen_list` VALUES (1456, 1815389717, 1, b'0');
INSERT INTO `user_listen_list` VALUES (1457, 1861380338, 1, b'0');
INSERT INTO `user_listen_list` VALUES (1458, 1456393572, 1, b'0');
INSERT INTO `user_listen_list` VALUES (1459, 1451675215, 1, b'0');
INSERT INTO `user_listen_list` VALUES (1460, 1413142894, 1, b'0');
INSERT INTO `user_listen_list` VALUES (1461, 1481657185, 1, b'0');
INSERT INTO `user_listen_list` VALUES (1462, 506092035, 1, b'0');
INSERT INTO `user_listen_list` VALUES (1463, 29717271, 1, b'0');
INSERT INTO `user_listen_list` VALUES (1464, 1878617505, 1, b'0');
INSERT INTO `user_listen_list` VALUES (1465, 1804614734, 1, b'0');
INSERT INTO `user_listen_list` VALUES (1466, 1812225658, 1, b'0');
INSERT INTO `user_listen_list` VALUES (1467, 1494738691, 1, b'0');
INSERT INTO `user_listen_list` VALUES (1468, 32046918, 1, b'0');
INSERT INTO `user_listen_list` VALUES (1469, 1813864802, 1, b'0');
INSERT INTO `user_listen_list` VALUES (1470, 1477539203, 1, b'0');
INSERT INTO `user_listen_list` VALUES (1471, 1380294757, 1, b'0');
INSERT INTO `user_listen_list` VALUES (1472, 1806995659, 1, b'0');
INSERT INTO `user_listen_list` VALUES (1473, 1368398851, 1, b'0');
INSERT INTO `user_listen_list` VALUES (1474, 413829859, 1, b'0');
INSERT INTO `user_listen_list` VALUES (1475, 1811408619, 1, b'0');
INSERT INTO `user_listen_list` VALUES (1476, 1397345903, 1, b'0');
INSERT INTO `user_listen_list` VALUES (1477, 1481164987, 1, b'0');
INSERT INTO `user_listen_list` VALUES (1478, 1441758494, 1, b'0');
INSERT INTO `user_listen_list` VALUES (1479, 1357785909, 1, b'0');
INSERT INTO `user_listen_list` VALUES (1480, 354352, 1, b'0');
INSERT INTO `user_listen_list` VALUES (1481, 1878619662, 1, b'0');
INSERT INTO `user_listen_list` VALUES (1482, 1368934278, 1, b'0');
INSERT INTO `user_listen_list` VALUES (1483, 1495845516, 1, b'0');
INSERT INTO `user_listen_list` VALUES (1484, 1471285412, 1, b'0');
INSERT INTO `user_listen_list` VALUES (1485, 1840808119, 1, b'0');
INSERT INTO `user_listen_list` VALUES (1486, 1808326361, 1, b'0');
INSERT INTO `user_listen_list` VALUES (1487, 1483488153, 1, b'0');
INSERT INTO `user_listen_list` VALUES (1488, 1807550736, 1, b'0');
INSERT INTO `user_listen_list` VALUES (1489, 1840192925, 1, b'0');
INSERT INTO `user_listen_list` VALUES (1490, 1430583016, 1, b'0');
INSERT INTO `user_listen_list` VALUES (1491, 569214126, 1, b'0');
INSERT INTO `user_listen_list` VALUES (1492, 1495058484, 1, b'0');
INSERT INTO `user_listen_list` VALUES (1493, 1844441197, 1, b'0');
INSERT INTO `user_listen_list` VALUES (1494, 34324641, 1, b'0');
INSERT INTO `user_listen_list` VALUES (1495, 1383927243, 1, b'0');
INSERT INTO `user_listen_list` VALUES (1496, 22842399, 1, b'0');
INSERT INTO `user_listen_list` VALUES (1497, 1811132941, 1, b'0');
INSERT INTO `user_listen_list` VALUES (1498, 479716696, 1, b'0');
INSERT INTO `user_listen_list` VALUES (1499, 137473, 1, b'0');
INSERT INTO `user_listen_list` VALUES (1500, 1493083969, 1, b'0');
INSERT INTO `user_listen_list` VALUES (1501, 1488737309, 1, b'0');
INSERT INTO `user_listen_list` VALUES (1502, 1842025914, 1, b'0');
INSERT INTO `user_listen_list` VALUES (1503, 1500569811, 1, b'0');
INSERT INTO `user_listen_list` VALUES (1504, 1403215687, 1, b'0');
INSERT INTO `user_listen_list` VALUES (1505, 1396973729, 1, b'0');
INSERT INTO `user_listen_list` VALUES (1506, 1821194214, 1, b'0');
INSERT INTO `user_listen_list` VALUES (1507, 1851652156, 1, b'0');
INSERT INTO `user_listen_list` VALUES (1508, 1475357457, 1, b'0');
INSERT INTO `user_listen_list` VALUES (1509, 1340179108, 1, b'0');
INSERT INTO `user_listen_list` VALUES (1510, 1426844352, 1, b'0');
INSERT INTO `user_listen_list` VALUES (1511, 1811662859, 1, b'0');
INSERT INTO `user_listen_list` VALUES (1512, 1348003687, 1, b'0');
INSERT INTO `user_listen_list` VALUES (1513, 1435449062, 1, b'0');
INSERT INTO `user_listen_list` VALUES (1514, 1478101516, 1, b'0');
INSERT INTO `user_listen_list` VALUES (1515, 1404885266, 1, b'0');
INSERT INTO `user_listen_list` VALUES (1516, 1498076242, 1, b'0');
INSERT INTO `user_listen_list` VALUES (1517, 1411358329, 1, b'0');
INSERT INTO `user_listen_list` VALUES (1518, 1887917182, 1, b'0');
INSERT INTO `user_listen_list` VALUES (1519, 1809318431, 1, b'0');
INSERT INTO `user_listen_list` VALUES (1520, 1815105886, 1, b'0');
INSERT INTO `user_listen_list` VALUES (1521, 1812673579, 1, b'0');
INSERT INTO `user_listen_list` VALUES (1522, 1892457644, 1, b'0');
INSERT INTO `user_listen_list` VALUES (1523, 1368754688, 1, b'0');
INSERT INTO `user_listen_list` VALUES (1524, 1369798757, 1, b'0');
INSERT INTO `user_listen_list` VALUES (1525, 1847250546, 1, b'0');
INSERT INTO `user_listen_list` VALUES (1526, 31654455, 1, b'0');
INSERT INTO `user_listen_list` VALUES (1527, 1471055851, 1, b'0');
INSERT INTO `user_listen_list` VALUES (1528, 1357815628, 1, b'0');
INSERT INTO `user_listen_list` VALUES (1529, 1805371171, 1, b'0');
INSERT INTO `user_listen_list` VALUES (1530, 1443838552, 1, b'0');
INSERT INTO `user_listen_list` VALUES (1531, 1814372181, 1, b'0');
INSERT INTO `user_listen_list` VALUES (1532, 1471064193, 1, b'0');
INSERT INTO `user_listen_list` VALUES (1533, 1413464902, 1, b'0');
INSERT INTO `user_listen_list` VALUES (1534, 1413156651, 1, b'0');
INSERT INTO `user_listen_list` VALUES (1535, 1814080666, 1, b'0');
INSERT INTO `user_listen_list` VALUES (1536, 1497588709, 1, b'0');
INSERT INTO `user_listen_list` VALUES (1537, 1358003419, 1, b'0');
INSERT INTO `user_listen_list` VALUES (1538, 1855555967, 1, b'0');
INSERT INTO `user_listen_list` VALUES (1539, 1832228445, 1, b'0');
INSERT INTO `user_listen_list` VALUES (1540, 1363948882, 1, b'0');
INSERT INTO `user_listen_list` VALUES (1541, 1824025894, 1, b'0');
INSERT INTO `user_listen_list` VALUES (1542, 1889702364, 1, b'0');
INSERT INTO `user_listen_list` VALUES (1543, 212233, 1, b'0');
INSERT INTO `user_listen_list` VALUES (1544, 1868947156, 1, b'0');
INSERT INTO `user_listen_list` VALUES (1545, 1815085049, 1, b'0');
INSERT INTO `user_listen_list` VALUES (1546, 1860864828, 1, b'0');
INSERT INTO `user_listen_list` VALUES (1547, 1842784921, 1, b'0');
INSERT INTO `user_listen_list` VALUES (1548, 29803676, 1, b'0');
INSERT INTO `user_listen_list` VALUES (1549, 1892583113, 1, b'0');
INSERT INTO `user_listen_list` VALUES (1550, 1876438007, 1, b'0');
INSERT INTO `user_listen_list` VALUES (1551, 1456443773, 1, b'0');
INSERT INTO `user_listen_list` VALUES (1552, 1336205537, 1, b'0');
INSERT INTO `user_listen_list` VALUES (1553, 1892377726, 1, b'0');
INSERT INTO `user_listen_list` VALUES (1554, 1483891561, 1, b'0');
INSERT INTO `user_listen_list` VALUES (1555, 1498015179, 1, b'0');
INSERT INTO `user_listen_list` VALUES (1556, 1493944539, 1, b'0');
INSERT INTO `user_listen_list` VALUES (1557, 1873049720, 1, b'0');
INSERT INTO `user_listen_list` VALUES (1558, 1357399743, 1, b'0');
INSERT INTO `user_listen_list` VALUES (1559, 1874972712, 1, b'0');
INSERT INTO `user_listen_list` VALUES (1560, 1377324223, 1, b'0');
INSERT INTO `user_listen_list` VALUES (1561, 1398663411, 1, b'0');
INSERT INTO `user_listen_list` VALUES (1562, 1885427474, 1, b'0');
INSERT INTO `user_listen_list` VALUES (1563, 1896102097, 1, b'0');
INSERT INTO `user_listen_list` VALUES (1564, 1822221871, 1, b'0');
INSERT INTO `user_listen_list` VALUES (1565, 32337953, 1, b'0');
INSERT INTO `user_listen_list` VALUES (1566, 1882417520, 1, b'0');
INSERT INTO `user_listen_list` VALUES (1567, 1920052123, 1, b'0');
INSERT INTO `user_listen_list` VALUES (1568, 1831454051, 1, b'0');
INSERT INTO `user_listen_list` VALUES (1569, 1901049671, 1, b'0');
INSERT INTO `user_listen_list` VALUES (1570, 570340213, 1, b'0');
INSERT INTO `user_listen_list` VALUES (1571, 1888215863, 1, b'0');
INSERT INTO `user_listen_list` VALUES (1572, 1370955374, 1, b'0');
INSERT INTO `user_listen_list` VALUES (1573, 1923184888, 1, b'0');
INSERT INTO `user_listen_list` VALUES (1574, 1855080368, 1, b'0');
INSERT INTO `user_listen_list` VALUES (1575, 1894094482, 1, b'0');
INSERT INTO `user_listen_list` VALUES (1576, 1876788950, 1, b'0');
INSERT INTO `user_listen_list` VALUES (1577, 135026, 1, b'0');
INSERT INTO `user_listen_list` VALUES (1578, 488249475, 1, b'0');
INSERT INTO `user_listen_list` VALUES (1579, 1430531944, 1, b'0');
INSERT INTO `user_listen_list` VALUES (1580, 28457938, 1, b'0');
INSERT INTO `user_listen_list` VALUES (1581, 1882041535, 1, b'0');
INSERT INTO `user_listen_list` VALUES (1582, 1887139866, 1, b'0');
INSERT INTO `user_listen_list` VALUES (1583, 1333366998, 1, b'0');
INSERT INTO `user_listen_list` VALUES (1584, 1828026086, 1, b'0');
INSERT INTO `user_listen_list` VALUES (1585, 1860578400, 1, b'0');
INSERT INTO `user_listen_list` VALUES (1586, 1487511998, 1, b'0');
INSERT INTO `user_listen_list` VALUES (1587, 1400256289, 1, b'0');
INSERT INTO `user_listen_list` VALUES (1588, 1425626819, 1, b'0');
INSERT INTO `user_listen_list` VALUES (1589, 1426649237, 1, b'0');
INSERT INTO `user_listen_list` VALUES (1590, 1827600686, 1, b'0');
INSERT INTO `user_listen_list` VALUES (1591, 1807901896, 1, b'0');
INSERT INTO `user_listen_list` VALUES (1592, 1479526505, 1, b'0');
INSERT INTO `user_listen_list` VALUES (1593, 1459019456, 1, b'0');
INSERT INTO `user_listen_list` VALUES (1594, 1313354324, 1, b'0');
INSERT INTO `user_listen_list` VALUES (1595, 1840861309, 1, b'0');
INSERT INTO `user_listen_list` VALUES (1596, 1822290111, 1, b'0');
INSERT INTO `user_listen_list` VALUES (1597, 1899079967, 1, b'0');
INSERT INTO `user_listen_list` VALUES (1598, 1869775560, 1, b'0');
INSERT INTO `user_listen_list` VALUES (1599, 1805077132, 1, b'0');
INSERT INTO `user_listen_list` VALUES (1600, 141290, 1, b'0');
INSERT INTO `user_listen_list` VALUES (1601, 1456890009, 1, b'0');
INSERT INTO `user_listen_list` VALUES (1602, 1892562874, 1, b'0');
INSERT INTO `user_listen_list` VALUES (1603, 1443178157, 1, b'0');
INSERT INTO `user_listen_list` VALUES (1604, 1495131163, 1, b'0');
INSERT INTO `user_listen_list` VALUES (1605, 479426787, 1, b'0');
INSERT INTO `user_listen_list` VALUES (1606, 1857630559, 1, b'0');
INSERT INTO `user_listen_list` VALUES (1607, 1837557715, 1, b'0');
INSERT INTO `user_listen_list` VALUES (1608, 1848190450, 1, b'0');
INSERT INTO `user_listen_list` VALUES (1609, 1847422867, 1, b'0');
INSERT INTO `user_listen_list` VALUES (1610, 1878620183, 1, b'0');
INSERT INTO `user_listen_list` VALUES (1611, 1919430638, 1, b'0');
INSERT INTO `user_listen_list` VALUES (1612, 1877996649, 1, b'0');
INSERT INTO `user_listen_list` VALUES (1613, 1807537867, 1, b'0');
INSERT INTO `user_listen_list` VALUES (1614, 1804320463, 1, b'0');
INSERT INTO `user_listen_list` VALUES (1615, 1914933323, 1, b'0');
INSERT INTO `user_listen_list` VALUES (1616, 1811921555, 1, b'0');
INSERT INTO `user_listen_list` VALUES (1617, 1376873919, 1, b'0');
INSERT INTO `user_listen_list` VALUES (1618, 1811459887, 1, b'0');
INSERT INTO `user_listen_list` VALUES (1619, 1899994054, 1, b'0');
INSERT INTO `user_listen_list` VALUES (1620, 1887308039, 1, b'0');
INSERT INTO `user_listen_list` VALUES (1621, 1826179038, 1, b'0');
INSERT INTO `user_listen_list` VALUES (1622, 1858139145, 1, b'0');
INSERT INTO `user_listen_list` VALUES (1623, 1484508410, 1, b'0');
INSERT INTO `user_listen_list` VALUES (1624, 1851258433, 1, b'0');
INSERT INTO `user_listen_list` VALUES (1625, 1868943615, 1, b'0');
INSERT INTO `user_listen_list` VALUES (1626, 1840459406, 1, b'0');
INSERT INTO `user_listen_list` VALUES (1627, 1859245776, 1, b'0');
INSERT INTO `user_listen_list` VALUES (1628, 1841002409, 1, b'0');
INSERT INTO `user_listen_list` VALUES (1629, 1893367646, 1, b'0');
INSERT INTO `user_listen_list` VALUES (1630, 1880886636, 1, b'0');
INSERT INTO `user_listen_list` VALUES (1631, 1907766514, 1, b'0');
INSERT INTO `user_listen_list` VALUES (1632, 512376326, 1, b'0');
INSERT INTO `user_listen_list` VALUES (1633, 1875941511, 1, b'0');
INSERT INTO `user_listen_list` VALUES (1634, 1893308058, 1, b'0');
INSERT INTO `user_listen_list` VALUES (1635, 1847975477, 1, b'0');
INSERT INTO `user_listen_list` VALUES (1636, 1399824428, 1, b'0');
INSERT INTO `user_listen_list` VALUES (1637, 1430319727, 1, b'0');
INSERT INTO `user_listen_list` VALUES (1638, 1901371647, 1, b'0');
INSERT INTO `user_listen_list` VALUES (1639, 1808492017, 1, b'0');
INSERT INTO `user_listen_list` VALUES (1640, 1924578028, 1, b'0');
INSERT INTO `user_listen_list` VALUES (1641, 1867217766, 1, b'0');
INSERT INTO `user_listen_list` VALUES (1642, 1911907981, 1, b'1');
INSERT INTO `user_listen_list` VALUES (1643, 1891469546, 1, b'1');
INSERT INTO `user_listen_list` VALUES (1644, 428390111, 1, b'0');
INSERT INTO `user_listen_list` VALUES (1645, 1925321794, 1, b'1');

SET FOREIGN_KEY_CHECKS = 1;
